Company Name,Company Website,Company Email,Company Address
Tanvtech,http://www.tanvtech.com,Not available,"1201 7th StNorth Bergen, NJ 07047"
DataTech Labs Data Recovery,http://www.datatechlab.com/data-recovery-labs/data-recovery-brooklyn-new-york,Not available,"850 3rd AveBrooklyn, NY 11232"
Bizwall Npcreate Inc,http://bizwall.net,Not available,"117 Grattan St Ste 104Brooklyn, NY 11237"
Vo Computer Services,Not available,Not available,"366 Central AveBrooklyn, NY 11221"
Aris Computer,Not available,Not available,"4333 46th StSunnyside, NY 11104"
Washington Computer Services,https://www.washcomp.com,Not available,"3554 32nd StAstoria, NY 11106"
"EHR Console, Inc.",Not available,Not available,"760 Parkside Ave Ste 227dBrooklyn, NY 11226"
Searsoft,Not available,Not available,"1645 Saint Johns PlBrooklyn, NY 11233"
Agilid Inc,http://agilid.com,Not available,"275 Linden BlvdBrooklyn, NY 11226"
Syntegra Inc,Not available,Not available,"322 Linden BlvdBrooklyn, NY 11226"
Quick Tech,Not available,Not available,"3314 Church AveBrooklyn, NY 11203"
Robert Sacks,Not available,mailto:info@robsacks.com,"25-40 31 Ave Apt 6HLong Island City, NY 11106"
Preferen Graphy,Not available,Not available,"3622 Church AveBrooklyn, NY 11203"
Tradestation Technologies,Not available,Not available,"755 Secaucus RdSecaucus, NJ 07094"
LLC Portware,Not available,Not available,"800 Secaucus RdSecaucus, NJ 07094"
Deutsche Boerse Systems,https://daysonav.com,Not available,"275 Hartz WaySecaucus, NJ 07094"
Sunguard,http://sungard.com,Not available,"275 Hartz WaySecaucus, NJ 07094"
IBM,http://ibm.com,Not available,"275 Hartz WaySecaucus, NJ 07094"
Global Commodity Systems,Not available,Not available,"3523 30th AveAstoria, NY 11103"
M & L Enterprise,Not available,Not available,"334 E 91st StBrooklyn, NY 11212"
Geosot,http://www.geosot.com,mailto:info@geosot.com,"2556 31st StAstoria, NY 11102"
Acbb Bits,Not available,Not available,"2821 Astoria BlvdAstoria, NY 11102"
Medweb,https://medweb.online,Not available,"2425 27th StAstoria, NY 11102"
Right IT Computers,Not available,Not available,"477 Ralph AveBrooklyn, NY 11233"
Triple Click Compute,Not available,Not available,"2281 Church AveBrooklyn, NY 11226"
Cox Nyc,Not available,Not available,"86 Erasmus StBrooklyn, NY 11226"
Interactive Computer Solutions,https://intacs.com,Not available,"4309 Church AveBrooklyn, NY 11203"
Equinix,http://www.equinix.com/locations/united-states-colocation/new-york-data-centers,mailto:servicedesk.de@eu.equinix.com,"275 Hartz WaySecaucus, NJ 07094"
ZT Systems,https://ztsystems.com/contact,mailto:hero.nagatomi@ztsystems.com,"350 Meadowlands PkwySecaucus, NJ 07094"
Willpower Infotech Limited,Not available,Not available,"100 E 8th StNew York, NY 10003"
Filocity.com,Not available,mailto:dave@filocity.com,"260 W 36th StNew York, NY 10018"
Jay Shapiro Computers,http://www.computerrepaircompanynewyork.com,mailto:jayshapiro1@yahoo.com,"1313 3rd AveNew York, NY 10021"
Mac PC NY,Not available,mailto:office@macpcny.com,"7 Dey StNew York, NY 10007"
Mobile Programming LLC.,http://www.mobileprogramming.com,mailto:webmaster@mobileprogramming.com,"115 BroadwayNew York, NY 10006"
Tall Software,http://tallsoft.com,mailto:pberry@interport.net,"9 Desbrosses St Rm 301New York, NY 10013"
Asahi Technologies LLC,http://www.asahitechnologies.com,mailto:info@asahitechnologies.com,"54 W 40th StNew York, NY 10018"
TecProtocol Business Solutions,http://www.tecprotocol.com,Not available,"353 W 48th St, Suite# 454New York, NY 10036"
Place IQ,http://www.nyceja.org,mailto:shaking@nyceja.org,"115 W 30th StNew York, NY 10001"
GSS,Not available,mailto:contact@greensoftwarestore.com,"Ave Str.New York, NY 10001"
Cavalier Technical Service / CTS,http://www.ctshosting.info,mailto:Service@ctscts.com,"224 West 35th St Ste 202New York, NY 10001"
Shuttle Cloud Corp.,http://www.shuttlecloud.com,mailto:info@shuttlecloud.com,"86 Chambers St Ste 704New York, NY 10007"
Bay Dynamics Inc,http://baydynamics.com,Not available,"299 Broadway Ste 905New York, NY 10007"
Omni Group Ltd,Not available,Not available,"187 Chrissy StNew York, NY 10007"
Bidawiz,http://www.bidawiz.com,Not available,"305 BroadwayNew York, NY 10007"
Ice Data Derivatives,https://www.superderivatives.com/mk/ContactUs.aspx,Not available,"100 Church StNew York, NY 10007"
Program Planning,Not available,Not available,"233 BroadwayNew York, NY 10279"
Iris Software,http://www.derivatives.com,Not available,"233 Broadway Rm 1005New York, NY 10279"
Splash,https://splashthat.com,Not available,"233 BroadwayNew York, NY 10279"
Iradix,http://www.iradix.com,Not available,"225 BroadwayNew York, NY 10007"
Agouti Construction Consulting,Not available,mailto:info@agouticonstructionconsulting.com,"225 BroadwayNew York, NY 10007"
3Forge,https://www.3forge.com/contact.html,Not available,"225 BroadwayNew York, NY 10007"
Dalziel White Associates Inc,Not available,mailto:info@dwa-corp.net,"20 Vesey StNew York, NY 10007"
Woodbine Systems Inc.,Not available,mailto:info@wsitservices.nyc,"222 Broadway Fl 19New York, NY 10038"
Cureatr Inc,http://cureatr.com,mailto:info@cureatr.com,"222 BroadwayNew York, NY 10038"
Axio Global Inc,http://axio.com,mailto:info@axio.com,"222 Broadway Fl 19New York, NY 10038"
Crypto Miner Bros,Not available,Not available,"222 BroadwayNew York, NY 10038"
AppViewX,https://appviewx.com,Not available,"222 BroadwayNew York, NY 10038"
"GreenScreens Ai, Inc",https://www.greenscreens.ai,Not available,"222 BroadwayNew York, NY 10038"
Vitalicious Inc,http://www.vitalicious.com,mailto:vitaevents@vitalicious.com,"303 Greenwich StNew York, NY 10013"
Genesis Global,http://www.genesis.global,mailto:stephen.murphy@genesis.global,"250 Greenwich StNew York, NY 10007"
"SQream Technologies USA, Inc",https://sqream.com,Not available,"250 Greenwich StNew York, NY 10007"
Temboo Inc,http://www.temboo.com,Not available,"104 Franklin StNew York, NY 10013"
Takeoutmusiccom Inc,http://takeoutinternational.com,mailto:mori@takeoutmusic.com,"381 BroadwayNew York, NY 10013"
Healthcare Division,Not available,Not available,"80 Nassau StNew York, NY 10038"
Bigtom Inc,Not available,Not available,"17 John StNew York, NY 10038"
Ess Computer Inc,Not available,Not available,"54 Mulberry StNew York, NY 10013"
"Kini Information Technology, Inc.",Not available,mailto:raj@kinit.com,"139 Fulton Street-Ste. 315New York, NY 10038"
Allcast Inc,https://www.boydcorp.com/company/about-us/locations.html,Not available,"217 West StNew York, NY 10282"
Starpoint Solutions,http://starpoint.com,mailto:info@starpoint.com,"22 Cortlandt St FL 14New York, NY 10007"
Microsoft Corporation,http://microsoft.com,Not available,"408 BroadwayNew York, NY 10013"
"Electric AI, Inc.",http://www.electric.ai,mailto:conner.jewitt@electric.ai,"408 Broadway Fl 5New York, NY 10013"
Genesis Software Svces Inc,Not available,Not available,"59 John StNew York, NY 10038"
Net-Quotient,http://netik.com,Not available,"40 Fulton StNew York, NY 10038"
Inference Data,Not available,Not available,"110 William StNew York, NY 10038"
Mind Games Software,http://appfigures.com,Not available,"40 Lispenard StNew York, NY 10013"
Irecommend Software,http://aimeeg.com,Not available,"165 BroadwayNew York, NY 10006"
"Cedar Cares, Inc",http://www.cedar.com,Not available,"32 Avenue Of The AmericasNew York, NY 10013"
Trill,https://www.trill.fit,Not available,"271 Canal StNew York, NY 10013"
Cyberwrite,https://cyberwrite.com,Not available,"1 Liberty PlzNew York, NY 10006"
Fractal Analytics Inc,http://yieldbook.com,mailto:lorraine.plazacolon@ssmb.com,"1 World Trade CtrNew York, NY 10007"
The Henson Group,https://www.hensongroup.com,Not available,"1 World Trade Ctr Fl 85New York, NY 10007"
Crikl Inc,Not available,Not available,"4 World Trade CtrNew York, NY 10007"
Mogimo Inc,https://www.hyprbrands.com,Not available,"4 World Trade CtrNew York, NY 10007"
Crikl Inc,https://crikl.com,mailto:Sdelp@crikl.com,"150 Greenwich StNew York, NY 10007"
Workday,http://workday.com,Not available,"59 Maiden LnNew York, NY 10038"
Infograins INC,https://infograins.com,Not available,"135 447 Broadway 2nd FloorNew York, NY 10013"
Placemeter Inc,http://www.placemeter.com,Not available,"425 BroadwayNew York, NY 10013"
eClinicalWorks,http://eclinicalworks.com,mailto:sales@eClinicalworks.com,"140 Broadway Fl 50New York, NY 10005"
Broadway Technology,http://www.broadwaytechnology.com,mailto:info@broadwaytechnology.com,"140 Broadway Ste 4320New York, NY 10005"
Voquette,Not available,Not available,"140 BroadwayNew York, NY 10005"
Halloween Mega Store Inc,https://www.newstore.com,Not available,"428 BroadwayNew York, NY 10013"
Younology Inc,Not available,Not available,"90 William StNew York, NY 10038"
"Universal Business Solutions, N.A.",http://ubsna.com,Not available,"90 John StNew York, NY 10038"
China Systems Inc,http://www.chinasystems.com,Not available,"90 John St Rm 306New York, NY 10038"
New York Software Service Inc,https://www.mobileprogramming.com,Not available,"115 BroadwayNew York, NY 10006"
Datavox Technologies Inc,http://www.mtm.com,mailto:gwong@datavox.com,"115 BroadwayNew York, NY 10006"
Zype Inc,https://www.zype.com,Not available,"115 BroadwayNew York, NY 10006"
Chatdesk,https://www.chatdesk.com,Not available,"115 Broadway Fl 5New York, NY 10006"
Solutions America,Not available,Not available,"115 BroadwayNew York, NY 10006"
Capitalstar Systems,http://www.capitalstarsystems.com,Not available,"115 BroadwayNew York, NY 10006"
Aacpa Inc,Not available,Not available,"185 Canal StNew York, NY 10013"
Beyond2021,http://www.beyond2021.com,mailto:keevin@beyond2021.com,"285 W BroadwayNew York, NY 10013"
Micromax Computer Intelligence,http://micromax.com,Not available,"29 E BroadwayNew York, NY 10002"
Algomod Corp,http://algomod.net,mailto:gene@algomod.com,"116 John St Apt 1406New York, NY 10038"
Wildcard,http://www.wildcard.nyc,mailto:naz@wildcard.nyc,"442 BroadwayNew York, NY 10013"
Stayli.com,https://stayli.com,Not available,"442 BroadwayNew York, NY 10013"
Profitect,https://www.profitect.com/get-a-demo,Not available,"388 Greenwich StNew York, NY 10013"
Native Ai,https://www.gonative.ai,Not available,"446 BroadwayNew York, NY 10013"
TuMenTiende Inc,https://www.tumentiende.com,mailto:zain@medsender.com,"447 Broadway 2nd FlNew York, NY 10013"
Vegecyber Inc,http://vegecyber.com,Not available,"210 Centre StNew York, NY 10013"
Vizzuality Inc,http://www.vizzuality.com,mailto:contact@vizzuality.com,"148 Lafayette StNew York, NY 10013"
Invisible Hand Networks,http://invisiblehand.net,Not available,"55 Avenue Of The AmericasNew York, NY 10013"
"MRG, Inc",http://www.myaidin.com,Not available,"371 Canal StNew York, NY 10013"
Vaultive,Not available,Not available,"100 BroadwayNew York, NY 10005"
Workfolio,https://www.workfolio.com,Not available,"20 Pine StNew York, NY 10005"
Lucera Financial Infrastructures,https://www.lucera.com,Not available,"199 Water StNew York, NY 10038"
Algomi Corp,https://www.algomi.com,Not available,"199 Water StNew York, NY 10038"
MBF Clearing Corp,http://www.mbfcc.com,Not available,"225 Liberty StNew York, NY 10281"
Masterworks.io,https://www.masterworks.com,Not available,"225 Liberty StNew York, NY 10281"
Tradepaq Corp,Not available,Not available,"90 Saint Johns LnNew York, NY 10013"
The Barbarian Group,http://www.barbariangroup.com,mailto:cinder@barbariangroup.com,"455 Broadway Fl 3New York, NY 10013"
Syscom Inc,http://www.syscomusa.com,mailto:sales@syscomusa.com,"55 E BroadwayNew York, NY 10002"
Shangwei Yeya Inc,Not available,Not available,"2 Wall StNew York, NY 10005"
Derivix Corp,Not available,Not available,"14 Wall StNew York, NY 10005"
Intersoft Kk,http://www.intersoftkk.com,Not available,"14 Wall StNew York, NY 10005"
Promosoft,Not available,Not available,"14 Wall StNew York, NY 10005"
Northstar Systems International,Not available,mailto:sales@northstar.com,"14 Wall StNew York, NY 10005"
Eidosmedia Inc,http://www.eidosmedia.com,Not available,"14 Wall StNew York, NY 10005"
Entransit Inc,http://ferrex.com,mailto:alwaysthinkgreenlady@gmail.com,"14 Wall StNew York, NY 10005"
"A.R.T. SOFTWARE, INC.",http://www.xenomorph.com,mailto:info@getscalap.com,"14 Wall StreetNew York, NY 10005"
Easy2Comply,https://www.checkpoint.com/quantum/security-compliance,Not available,"14 Wall StNew York, NY 10005"
Merlin USA,https://merlinnetwork.org,Not available,"154 Grand StNew York, NY 10013"
Argsoft Group,http://www.argent.com,Not available,"30 Wall StNew York, NY 10005"
Grosfeld Jason,Not available,Not available,"25 Monroe StNew York, NY 10002"
"Blackbird Logical Applications, LLC",http://www.blackbird.io,mailto:info@blackbird.io,"247 Centre St, 7th FloorNew York, NY 10013"
Ict International,https://www.icf.com,mailto:info@icfi.com,"40 Wall St Fl 34New York, NY 10005"
Mark Mary Ellen,http://mark43.com,Not available,"37 Greene StNew York, NY 10013"
Popkin Software & Systems Inc,Not available,Not available,"2 Rector StNew York, NY 10006"
Core Security Technologies,http://www.coresecurity.com,Not available,"44 Wall StNew York, NY 10005"
"Street Smarts VR, Inc.",https://www.streetsmartsvr.com,Not available,"44 Wall StNew York, NY 10005"
OTCesp Systems LLC,http://www.otcesp.com,Not available,"71 Broadway Lobby 2B #154New York, NY 10006"
Kualitatem,https://www.kualitatem.com,mailto:ray.parker@kualitatem.com,"48 Wall StNew York, NY 10005"
Choice Maker Technologies,http://choicemaker.com,Not available,"48 Wall St Fl 11New York, NY 10005"
Cole Systems,http://www.uxceclipse.com,mailto:ivancole@colesys.com,"174 Hudson StNew York, NY 10013"
Intraworlds Inc,http://www.intraworlds.com,Not available,"80 Pine StNew York, NY 10005"
Schuch Heavylift Corp,http://www.schuch-heavylift.com/contact.html,Not available,"80 Pine StNew York, NY 10005"
Broadcast Manager Inc,https://promosuite.com,Not available,"65 BroadwayNew York, NY 10006"
365 Operating Co,http://www.365datacenters.com,Not available,"65 BroadwayNew York, NY 10006"
Townsend Analytics Ltd,https://www.ezesoft.com/solutions/applications/ems,Not available,"65 BroadwayNew York, NY 10006"
Artstacks,http://www.artstacks.com,mailto:artstacks@aol.com,"401 Washington StNew York, NY 10013"
1Fort,http://www.forte.fit,Not available,"341 W BroadwayNew York, NY 10013"
Decisively Inc,http://decisive.is,Not available,"481 BroadwayNew York, NY 10013"
Collibra Inc,http://www.collibra.com,Not available,"61 BroadwayNew York, NY 10006"
Vital AI,http://www.vital.ai/site/privacy-policy.html,mailto:info@vital.ai,"61 BroadwayNew York, NY 10006"
Nextset,http://www.royal-rcc.com,Not available,"88 Pine StNew York, NY 10005"
Dealogic,http://www.dealogic.com,Not available,"67 Wall StNew York, NY 10005"
"Raintank, Inc",http://raintank.io,Not available,"29 BroadwayNew York, NY 10006"
Next Caller Inc.,https://nextcaller.com,mailto:hi@nextcaller.com,"450 Broome StNew York, NY 10013"
It Convergence,https://www.itconvergence.com/contact,Not available,"55 BroadwayNew York, NY 10006"
"Mezu, Inc.",https://alviere.com,mailto:care@mezu.com,"101 Avenue Of The Americas Fl 9New York, NY 10013"
Havas CX Helia,http://havasluxeny.com,Not available,"200 Hudson StNew York, NY 10013"
Blackwood Trading,Not available,Not available,"100 Wall StNew York, NY 10005"
Auterion Inc,Not available,Not available,"100 Wall StNew York, NY 10005"
Bullish Inc,http://bullish.co,mailto:hey@bullish.co,"135 BoweryNew York, NY 10002"
Election Systems & Software,Not available,Not available,"42 BroadwayNew York, NY 10004"
Colure Media Inc.,http://www.colure.co,mailto:info@colure.co,"62 Greene St 2nd FlNew York, NY 10012"
REDI Tech LLC,http://www.redi.com,mailto:redi-info@redi.com,"30 Pike StNew York, NY 10002"
Algorizin Inc,https://algorizin.com,Not available,"99 Wall StNew York, NY 10005"
"Cybercentric Technologies, Inc",http://www.cybercentric.com,mailto:mlevin@legalkey.com,"99 Wall StNew York, NY 10005"
Bowmo Inc,https://www.bowmo.com,mailto:info@bowmo.com,"99 Wall StNew York, NY 10005"
Track.Ly,Not available,Not available,"99 Wall StNew York, NY 10005"
"Parrut, Inc",https://www.uncubedstudios.com,Not available,"50 Eldridge StNew York, NY 10002"
Routehappy Inc,https://www.atpco.net/solutions/merchandising/routehappy,Not available,"110 Wall StNew York, NY 10005"
Metamako,https://www.arista.com/en/7130-information?referrer=,Not available,"110 Wall StNew York, NY 10005"
Forsta Software Products,http://www.focusvision.com,Not available,"5 Hanover SqNew York, NY 10004"
Bureau Van Dijk,Not available,mailto:pb@bvdep.com,"55 Broad StNew York, NY 10004"
Davidsohn Group,http://davidsohn.com,mailto:mgoldstein@davidsohn.com,"55 Broad St Fl 26New York, NY 10004"
Software Solutions Inc,http://www.softsolint.com,mailto:Priyanka@softsolint.com,"50 Broad St Ste 1912New York, NY 10004"
GCOM Software,http://www.gcomsoft.com,Not available,"50 Broad StNew York, NY 10004"
Tech Headz Inc,https://nessdigi.com,Not available,"55 Broad StNew York, NY 10004"
Kanzen,Not available,Not available,"56 Beaver st apt 501New York, NY 10004"
PeopleDoc,http://updoc.com,mailto:customercare@squarespace.com,"60 Broad St Ste 3502New York, NY 10004"
New York Software Industry Association,Not available,Not available,"55 Broad St Rm 23aNew York, NY 10004"
HG Software Inc.,http://getscalpel.com,mailto:info@getscalap.com,"25 BroadwayNew York, NY 10004"
Digifi,http://www.digifi.io,mailto:info@digifi.io,"25 BroadwayNew York, NY 10004"
"Healthify, Inc",http://www.realmatch.com,Not available,"77 Water StNew York, NY 10005"
Blue Whale Apps Inc,https://bluewhaleapps.com,Not available,"77 Water StNew York, NY 10005"
GSD (Formerly CRM Passport),Not available,Not available,"73 Spring St Rm 503New York, NY 10012"
Microbank Software,http://microsoft.com,mailto:webmaster@electronichelp.com,"80 Broad StNew York, NY 10004"
"DataOrg, LLC",https://www.dataorg.com,Not available,"80 Broad StreetNew York, NY 10004"
Inlumen Inc,http://inlumen.com,mailto:wloewe@newsalert.com,"80 Broad StNew York, NY 10004"
Lucky Star Global Software,Not available,Not available,"62 Allen StNew York, NY 10002"
Compunnel Software Group,http://compunnel.com,Not available,"11 BroadwayNew York, NY 10004"
Messapps,http://messapps.com,mailto:info@messapps.com,"85 Broad StNew York, NY 10004"
Prognos Health,https://www.prognos.ai,Not available,"85 Broad StNew York, NY 10004"
Cureatr,https://www.cureatr.com/contact-us,Not available,"85 Broad StNew York, NY 10004"
Image Info,Not available,Not available,"550 BroadwayNew York, NY 10012"
Wddg Inc,Not available,Not available,"511 Canal St Rm 400New York, NY 10013"
Varnish Software AB,http://www.tworoadssoftware.com,mailto:info@varnish-software.com,"85 Broad St, Floor 17, Office 16New York, NY 10004"
Valroge Corp,Not available,Not available,"414 W BroadwayNew York, NY 10012"
Fenics Software,https://www.fenics.com,Not available,"55 Water StNew York, NY 10041"
automotiveMastermind Inc,https://www.automotivemastermind.com,Not available,"55 Water StNew York, NY 10041"
"Novetta, Inc",http://www.ibgweb.com,Not available,"1 Battery Park PlzNew York, NY 10004"
PowerToFly Inc,http://www.powertofly.com,mailto:hi@powertofly.com,"560 Broadway Rm 308New York, NY 10012"
The Cast,https://www.mywecast.com,mailto:elisa@thecast.com,"71 Orchard StNew York, NY 10002"
Guac Star,Not available,Not available,"66 Pearl StNew York, NY 10004"
Ryklin Software Inc,http://www.ryklinsoftware.com,Not available,"60 Pearl StNew York, NY 10004"
Motive Music Production,Not available,Not available,"286 Spring St Rm 301New York, NY 10013"
"Lev, Inc",https://www.levcapital.com,Not available,"233 Spring StNew York, NY 10013"
Stativ Ltd,Not available,Not available,"112 Prince StNew York, NY 10012"
Xref Software Solutions,Not available,Not available,"568 BroadwayNew York, NY 10012"
John Gailer Inc,http://gailer.com/blog,Not available,"150 Varick StNew York, NY 10013"
C Nario,Not available,Not available,"580 BroadwayNew York, NY 10012"
Artery VFX Inc,https://www.the-artery.com,Not available,"580 BroadwayNew York, NY 10012"
2 Bridge Software,Not available,Not available,"33 Whitehall StNew York, NY 10004"
Moss Inc,http://www.cfx.com,Not available,"588 BroadwayNew York, NY 10012"
Tempest Software,http://to-safe.com,mailto:webmaster@softwarehelp2000.com,"1 West StNew York, NY 10004"
"Gachot, Inc",https://www.gachotstudios.com/thestudio,mailto:david@inch-inc.com,"594 BroadwayNew York, NY 10012"
Cloudester Software,https://cloudester.com,mailto:info@cloudester.com,"85 Delancey StNew York, NY 10002"
6D Global Technologies,http://www.6dglobal.com,Not available,"17 State St Ste 2550New York, NY 10004"
Go Green Ride,Not available,mailto:info@gogreenride.com,"17 State StNew York, NY 10004"
TALON PREDICTIVE ANALYTICS LLC,Not available,Not available,"17 State Street, Suite 450CNew York, NY 10004"
Napa Group,https://www.napa.com,Not available,"240 Madison StNew York, NY 10002"
Tobaldi Limited,Not available,Not available,"83 Rivington St Frnt 1New York, NY 10002"
Showcase,Not available,Not available,"183 Clinton StNew York, NY 10002"
Vertic Inc.,http://www.vertic.com,mailto:hello@vertic.com,"180 Varick St Rm 1620New York, NY 10014"
Mpoint Media,http://onpointmediagroup.com,mailto:info@onpointmediagroup.com,"175 Varick StNew York, NY 10014"
Genepeeks Inc,http://www.genepeeks.com,Not available,"175 Varick StNew York, NY 10014"
Prime Focus Technologies,http://www.primefocustechnologies.com,Not available,"345 Hudson StNew York, NY 10014"
Rockstar Games Inc.,http://www.rockstargames.com,mailto:jennifer@rockstargames.com,"622 Broadway 5th FlNew York, NY 10012"
Level Ten Solutions,http://leveltensolutions.com,Not available,"51 Macdougal St Apt 277New York, NY 10012"
Vaultus,http://www.vaultus.com,mailto:ailyas@mobilelogic.com,"632 BroadwayNew York, NY 10012"
Data Synapse,http://www.datasynapse.com,mailto:LLacctmngmt@tibco.com,"632 Broadway Rm 3ANew York, NY 10012"
Acadaca LLC,http://www.acadaca.com,mailto:jobs@acadaca.com,"636 Broadway Rm 516New York, NY 10012"
Bleeker St Corp,Not available,Not available,"33 Bleecker StNew York, NY 10012"
Base One International Corp,http://boic.com,Not available,"532 Laguardia PlNew York, NY 10012"
Invisible Hand Networks Inc,http://www.invisiblehand.net,Not available,"670 BroadwayNew York, NY 10012"
Zyara NY Mediterranean Food,Not available,Not available,"57 Clinton StNew York, NY 10002"
Innovest Systems,http://www.innovestsystems.com,mailto:info@innovestsystems.com,"110 Leroy St Fl 5New York, NY 10014"
Hello Health,http://www.hellohealth.com,mailto:info@hellohealth.com,"10 Morton StNew York, NY 10014"
Software Pundits,Not available,Not available,"67 Bedford StNew York, NY 10014"
Voicemate,Not available,Not available,"95 Morton StNew York, NY 10014"
Aproject,https://aproject.xyz,mailto:support@aproject.xyz,"411 Lafayette StNew York, NY 10003"
Saxon Technologies,http://pctechconsulting.com,mailto:timryan@pipeline.com,"419 Lafayette StNew York, NY 10003"
Mirabi Inc,Not available,Not available,"179 W 4th StNew York, NY 10014"
Anguima 4 Inc,Not available,Not available,"215 E 4th StNew York, NY 10009"
Blogger Outreach Services,https://www.bloggeroutreach.com,Not available,"96 Christopher StNew York, NY 10014"
Kanban Solutions,http://www.kanbansolutions.com/careers.html,Not available,"41 E 11th StNew York, NY 10003"
Knoa Software Inc,http://www.iscinc.com,Not available,"41 E 11th StNew York, NY 10003"
Arago US Inc,https://www.theindagogroup.com/contact,Not available,"41 E 11th StNew York, NY 10003"
50Onred,http://www.50onred.com,Not available,"41 E 11th StNew York, NY 10003"
"Delmar & Delmar, Inc",http://www.delmaranddelmar.com,Not available,"561 Hudson StNew York, NY 10014"
Falconwood Corp,http://www.falconwood.biz,Not available,"67 Ervin PlNew York, NY 10003"
eSoftware Associates Inc.,http://www.excelhelp.com,mailto:mike@softwareprojects.com,"228 Park Avenue South 28801New York, NY 10003"
Bitefood Ltd,http://imightbite.com,mailto:info@imightbite.com,"31 Perry StNew York, NY 10014"
Chartis,https://chartis.io,Not available,"610 E 9th StNew York, NY 10009"
Olah Inc,http://olah.com/contact,mailto:dan@bringmethat.com,"833 BroadwayNew York, NY 10003"
Ina 6 Inc,http://www.inanyc.com,mailto:ndong@hitentertainment.com,"110 E 13th StNew York, NY 10003"
StorONE Inc,https://www.storone.com,Not available,"111 E 14th StNew York, NY 10003"
BMM Art & Computer Inc,http://www.bmm-nyc.com,Not available,"1 Irving PlNew York, NY 10003"
"online solution,s 4u",Not available,Not available,"14 W 14th StNew York, NY 10011"
"Marks, Roger",Not available,Not available,"105 W 13th StNew York, NY 10011"
Lewek Corp,Not available,Not available,"281 W 12th StNew York, NY 10014"
RNF Technologies Inc.,http://www.rnftechnologies.com,mailto:imran.ali@rnftechnologies.com,"511 Avenue Of The Americas Ste 720New York, NY 10011"
Leagueapps,https://leagueapps.com/contact,Not available,"30 Irving PlNew York, NY 10003"
Cardinal Maps & Design,https://www.cardinalmaps.com,Not available,"451 E 14th StNew York, NY 10009"
"InstEvent, Inc.",http://www.venuebook.com,Not available,"32 Union Sq E Ste 1008New York, NY 10003"
Tech Troop,https://www.nyweteach.com,mailto:join@techtroop.net,"33 Irving PlNew York, NY 10003"
Tech Plus Systems Inc,http://www.techsystem.com,Not available,"31 W 15th StNew York, NY 10011"
MCSP Inc,Not available,Not available,"838 Greenwich StNew York, NY 10014"
Adware Systems,Not available,Not available,"79 5th AveNew York, NY 10003"
Netsmart Technologies Inc,http://ntst.com,Not available,"5 E 16th StNew York, NY 10003"
Betaworks,https://www.betaworks.com,Not available,"85 5th AveNew York, NY 10003"
"Unqork, Inc",http://www.unqork.com,Not available,"85 5th AveNew York, NY 10003"
Games For Change,https://www.gamesforchange.org,Not available,"225 E 17th StNew York, NY 10003"
Koxa Corp.,https://www.koxa.io,mailto:conner@koxa.io,"233 E 17th St Apt 4New York, NY 10003"
Equametrics Inc,http://www.equametrics.com,Not available,"34 W 17th StNew York, NY 10011"
Ukg,https://www.ukg.com,Not available,"200 Park Ave SNew York, NY 10003"
"Noodle Partners, Inc",https://www.noodle.com,Not available,"860 BroadwayNew York, NY 10003"
Silverline,http://www.silverlinecrm.com,Not available,"860 Broadway Fl 5New York, NY 10003"
Marin Software,http://www.marinsoftware.com,mailto:martinez@relavis.com,"215 Park Ave S Ste 1801New York, NY 10003"
Alpha Sense Inc,https://www.alpha-sense.com,Not available,"215 Park Ave SNew York, NY 10003"
Custom Integrated Systems Corp,Not available,Not available,"13 W 17th StNew York, NY 10011"
Tocca Limited,http://www.tocca.com,Not available,"581 Avenue Of The AmericasNew York, NY 10011"
"Fintel Technologies, Inc.",Not available,Not available,"130 E 18th StNew York, NY 10003"
Soundcloud Inc,http://cloudera.com,Not available,"101 5th AveNew York, NY 10003"
Azure Software,http://azuresys.com,Not available,"42 W 17th St Apt 2aNew York, NY 10011"
Rethinkit Software,Not available,Not available,"105 5th AveNew York, NY 10003"
1stop Dvd Replication,Not available,Not available,"873 Broadway Ste 205New York, NY 10003"
Landa App 2,https://landa.app,Not available,"6 W 18th St Frnt 2New York, NY 10011"
DarioHealth Corp,https://www.dariohealth.com,Not available,"18 W 18th StNew York, NY 10011"
"Amperity, Inc",https://amperity.com,Not available,"44 W 18th St Fl 3New York, NY 10011"
Piron Corp,http://www.pironcorp.com,Not available,"228 Park Ave SNew York, NY 10003"
TakeOne Network Corp,https://www.wrapbook.com,Not available,"228 Park Ave SNew York, NY 10003"
WrapBook,http://wrapbook.com,Not available,"228 Park Ave SNew York, NY 10003"
Uppercut Inc,http://www.uppercutnyc.com,Not available,"7 W 18th StNew York, NY 10011"
Caplin Systems,Not available,Not available,"111 5th AveNew York, NY 10003"
"Playdots, Inc",https://www.dots.co,Not available,"416 W 13th StNew York, NY 10014"
Avero,http://www.averoinc.com,mailto:sales@averoinc.com,"235 Park Ave S Fl 7New York, NY 10003"
Kinocorp,https://kinolorber.com,Not available,"8 W 19th StNew York, NY 10011"
Eyeview Inc,Not available,Not available,"29 E 19th StNew York, NY 10003"
Bootstrap Software,https://www.modusagency.com,Not available,"408 W 14th StNew York, NY 10014"
Proclivity Systems,http://www.proclivitysystems.com,Not available,"22 W 19th StNew York, NY 10011"
Rova,https://www.rova.com,Not available,"9 E 19th StNew York, NY 10003"
Zkipster USA Inc,https://www.zkipster.com,Not available,"413 W 14th StNew York, NY 10014"
Pivotal Software Inc,https://pivotal.io,Not available,"59 W 19th StNew York, NY 10011"
Rockstar Games,http://www.rockstargames.com,Not available,"254 Park Ave SNew York, NY 10010"
Creativeworx,https://creativeworx.pr.co,Not available,"902 BroadwayNew York, NY 10010"
CampusGroups,http://ross.campusgroups.com/template/contact-us,Not available,"902 BroadwayNew York, NY 10010"
SPREO Indoor Location Solutions,http://www.inspreeapp.com,mailto:hello@inspreeapp.com,"902 Broadway - Fl 6New York, NY 10010"
Ctrny,http://www.ctrny.com,Not available,"907 BroadwayNew York, NY 10010"
E D Data Systems,Not available,Not available,"253 3rd AveNew York, NY 10010"
Radeon,http://www.radeon.com,mailto:cptravers@gmail.com,"76 9th Ave Unit 30129New York, NY 10011"
Zuora,http://zuora.com,Not available,"17 W 20th StNew York, NY 10011"
Commtouch Software Inc,Not available,mailto:Beth@cooneywaters.com,"141 5th AveNew York, NY 10010"
"Hats & Ladders, Inc",https://www.hatsandladders.com/contact-us,Not available,"27 W 20th StNew York, NY 10011"
5 Point Acupuncture,http://5pointacupuncture.com,mailto:info@5pointacupuncture.com,"37 W 20th St Ste 806New York, NY 10011"
Access Softek Inc,Not available,Not available,"156 5th Ave Ste 1107New York, NY 10010"
Solemare Inc,http://solemare.com,Not available,"201 E 21st StNew York, NY 10010"
Similarweb,http://www.similarweb.com,Not available,"35 E 21st St Fl 9New York, NY 10010"
Aimed Directional Group Inc,Not available,Not available,"220 W 19th StNew York, NY 10011"
Orion Software,Not available,Not available,"220 W 19th StNew York, NY 10011"
Everwise Corp,http://geteverwise.com,mailto:info@geteverwise.com,"18 W 21st StNew York, NY 10010"
Tassat Group,https://tassatpay.com,Not available,"22 W 21st StNew York, NY 10010"
PointClear Solutions,http://worryfreelabs.com,Not available,"54 W 21st StNew York, NY 10010"
Selectable Media,https://www.dotdashmeredith.com,Not available,"168 5th AveNew York, NY 10010"
Ssii Corp,Not available,Not available,"675 Avenue Of The AmericasNew York, NY 10010"
Corsica Technologies,http://www.corsicatech.com,Not available,"11 E 22nd StNew York, NY 10010"
Devstree IT Services Pvt. Ltd.,Not available,Not available,"175 5th AveNew York, NY 10010"
Comprehensive Computing,http://complex.com,Not available,"36 E 23rd StNew York, NY 10010"
Buzzr,Not available,Not available,"30 E 23rd StNew York, NY 10010"
Angelsoft,Not available,Not available,"30 E 23rd St Fl 8New York, NY 10010"
Rent Share Inc,http://rentshare.com,Not available,"115 BroadwayNew York, NY 10010"
Yieldex,https://www.xandr.com,Not available,"28 W 23rd StNew York, NY 10010"
ActionIQ,https://www.actioniq.com,Not available,"50 W 23rd St Suite 6ANew York, NY 10010"
Andros,https://andros.co,Not available,"50 W 23rd StNew York, NY 10010"
"Grovo Learning, Inc",https://www.grovo.com,Not available,"50 W 23rd StNew York, NY 10010"
Madah-Com,http://www.madah.com,mailto:marketing@madah.com,"50 W 23rd StNew York, NY 10010"
Porter,https://www.porter.run,mailto:arioch@interport.net,"605 Pawtucket Blvd #2New York, NY 10010"
"Playbuzz, Inc",http://www.playbuzz.com,Not available,"49 W 23rd StNew York, NY 10010"
Trusteer,http://www.trusteer.com,Not available,"116 W 23rd St Fl 500New York, NY 10011"
Watermark Insights,https://www.watermarkinsights.com,mailto:info@watermarkinsights.com,"71 W 23rd StNew York, NY 10010"
Rip Digital,Not available,Not available,"121 E 24th StNew York, NY 10010"
Halcraft USA Inc,https://halcraftcollection.com,Not available,"30 W 24th StNew York, NY 10010"
Wot Io,http://www.wot.io,mailto:sales@interdigital.com,"30 W 24th StNew York, NY 10010"
Boyle Software,Not available,mailto:ruaridh@yahoo.com,"42 W 24th StNew York, NY 10010"
Heally,https://getheally.com,mailto:support@getheally.com,"42 W 24th StNew York, NY 10010"
AiCure,https://aicure.com,Not available,"19 W 24th StNew York, NY 10010"
Premium Channel Sourcing,Not available,Not available,"27 W 24th StNew York, NY 10010"
Ideon,https://ideonapi.com,Not available,"27 W 24th StNew York, NY 10010"
Slimware Utilities Holdings Inc,http://www.itsholdings.com,mailto:Vinci@itsholdings.com,"555 W 18th StNew York, NY 10011"
Greater Than Zero,https://www.gtz.com/docs,mailto:joe@purelogic.com,"148 W 24th St Fl 12New York, NY 10011"
Netsoft USA Inc,Not available,mailto:info@netsoft-usa.com,"24 W 25th St Fl 5New York, NY 10010"
Rowen Warren Inc,http://www.flycommunications.com,Not available,"36 W 25th StNew York, NY 10010"
Richter Media Inc,http://www.richtermedia.com,mailto:bob@richtermedia.com,"255 W 23rd St # 1GWNew York, NY 10011"
Instranet Inc,Not available,mailto:info@instranet.com,"11 W 25th StNew York, NY 10010"
Botcore,http://botcore.ai,Not available,"1123 BroadwayNew York, NY 10010"
RTK Io,Not available,Not available,"41 W 25th St Fl 8New York, NY 10010"
"Axonius, Inc",https://www.axonius.com,mailto:LShelly@bienestar-lcg.com,"41 Madison Ave Fl 37New York, NY 10010"
Imustardsoft,http://www.imustardsoft.com,Not available,"1133 BroadwayNew York, NY 10010"
Sandbox Software Mc,Not available,Not available,"1133 BroadwayNew York, NY 10010"
Bindo iPad POS,Not available,mailto:hello@bindo.com,"130 W 25th St Rm BNew York, NY 10001"
Access Softek,http://accesssoftek.com,Not available,"152 W 25th StNew York, NY 10001"
Sunac Fancy Foods,http://www.sunacfancyfood.com,Not available,"765 Avenue Of The AmericasNew York, NY 10010"
Synap,https://www.synapseny.com,mailto:orders@synapit.com,"30 W 26th StNew York, NY 10010"
Bluewolf,http://www.bluewolf.com,mailto:accounting@bluewolfgroup.com,"11 E 26th St Fl 21New York, NY 10010"
IP Blue Software Solutions,https://ipblue.com/company_contact.asp,Not available,"15 E 26th StNew York, NY 10010"
Enstoa Inc,https://enstoa.com/news/enstoa-expands-presence-china-sinopec-engineering-group-partnership,Not available,"151 W 25th St Fl 9New York, NY 10001"
Backstop Solutions Group,https://www.backstopsolutions.com,Not available,"151 W 25th StNew York, NY 10001"
Nabfly Inc,https://www.bespokepost.com,Not available,"151 W 25th StNew York, NY 10001"
Right Price Software,Not available,Not available,"224 5th AveNew York, NY 10001"
Hisynergy,http://nyhealthandsynergy.com,Not available,"275 7th AveNew York, NY 10001"
Wersel Brand Analytics,Not available,Not available,"275 7th Ave 7th FlNew York, NY 10001"
Sentieo,https://resources.sentieo.com,mailto:hello@sentieo.com,"127 W 26th StNew York, NY 10001"
Kognito,http://www.kognito.com,mailto:walterd@cosmopak.com,"135 W 26th StNew York, NY 10001"
BlackArrow,http://blackarrow.tv,Not available,"135 W 26th StNew York, NY 10001"
Meet Sally,Not available,Not available,"234 5th AveNew York, NY 10001"
Chapter 1 Software Inc,http://drstevenschram.com,Not available,"140 E 28th StNew York, NY 10016"
Collectrium LLC,http://www.collectrium.com,mailto:sales@collectrium.com,"118 E 28th St Rm 808New York, NY 10016"
Telescope Inc,https://telescope.tv,Not available,"401 Park Ave SNew York, NY 10016"
Casebook PBC,https://www.casebook.net,mailto:info@casebook.net,"104 W 27th StNew York, NY 10001"
Neverware,Not available,Not available,"112 W 27th StNew York, NY 10001"
Alicart Inc,Not available,mailto:beryl.gressley@world-electronics.com,"118 W 27th StNew York, NY 10001"
GeoLoqal INC,Not available,Not available,"244 5th Ave Fl 208New York, NY 10001"
Enterprise System Software,http://cintranet.com,Not available,"244 5th AveNew York, NY 10001"
Revel Systems iPad POS,http://revelsystems.com,mailto:info@revelsystems.com,"244 5th Ave Fl 200New York, NY 10001"
I.C. Progress,http://www.icprogressphotos.com,mailto:info@icprogressphotos.com,"244 5th Ave Fl C89New York, NY 10001"
Ninjacators LLC,http://ninjacators.com,Not available,"244 5th Ave Fl A-67New York, NY 10001"
FaircapX (ExsulCoin and ExsulChain),Not available,Not available,"244 Fifth AvenueNew York, NY 10001"
"Enigma Technologies, Inc",https://enigma.com,mailto:contact@enigma.com,"245 5th AveNew York, NY 10016"
Wordfast LLC,http://www.wordfast.com,Not available,"244 5th Ave Ste 2133New York, NY 10001"
Nextnine,https://nextnine.com,Not available,"244 5th AveNew York, NY 10001"
W J Enterprise Inc,Not available,Not available,"8 W 28th StNew York, NY 10001"
Networked Insights,http://networkedinsights.com,Not available,"79 Madison AveNew York, NY 10016"
Huddled Masses,https://www.huddledmasses.com/contact,Not available,"79 Madison AveNew York, NY 10016"
Amass Insights,https://amassinsights.com,Not available,"79 Madison AveNew York, NY 10016"
Iwd,https://www.iwd.io/contact-us,Not available,"1181 BroadwayNew York, NY 10001"
"Monetate, Inc",https://www.monetate.com,Not available,"27 E 28th StNew York, NY 10016"
Black Pearl,Not available,Not available,"3 E 28th StNew York, NY 10016"
iBE.net,http://www.ibe.net,mailto:info@ibe.net,"44 W 28th StNew York, NY 10001"
Candid,https://www.candidco.com,Not available,"44 W 28th St Fl 14New York, NY 10001"
Adara Media,https://adara.com,Not available,"246 5th AveNew York, NY 10001"
Neon Roots,https://www.neonroots.com,Not available,"455 W 23rd St, Suite 1BNew York, NY 10011"
Chelsea East Inc,http://www.bozzuto.com,Not available,"153 W 27th St Ste 400New York, NY 10001"
Qnomy Inc,http://qnomy.com,Not available,"419 Park Ave SNew York, NY 10016"
Phlo-Throo Systems,Not available,Not available,"1178 Broadway 3rd FlNew York, NY 10001"
Original Media,http://www.originalmedia.com,mailto:careers@originalmedia.com,"38 E 29th St Fl 5New York, NY 10016"
Nextgen App Store Inc.,Not available,mailto:support@nextgenappstore.us,"264 5th AveNew York, NY 10001"
Utilizecore Inc,https://www.utilizecore.com,Not available,"236 W 27th St Fl 12New York, NY 10001"
Cellectis Inc,https://cellectis.com/fr/contactez-nous,Not available,"430 E 29th StNew York, NY 10016"
Verificient Technologies,Not available,Not available,"1201 BroadwayNew York, NY 10001"
Sambiri Global Enterprise Services,http://www.sageservices.com,mailto:info@sageservices.com,"276 5th Ave Rm 704New York, NY 10001"
Acella New York,Not available,Not available,"276 5th AveNew York, NY 10001"
Owanza Store Inc,Not available,Not available,"276 5th AveNew York, NY 10001"
"Tattle, Inc.",http://www.gettattle.com,mailto:info@gettattle.com,"1204 BroadwayNew York, NY 10001"
"Keeptree, Inc",Not available,Not available,"333 7th AveNew York, NY 10001"
Aponia Data Solutions,Not available,Not available,"276 5th avenue, Suite 800new york, NY 10001"
Ashkar Corp,Not available,mailto:ashkarcorp@aol.com,"146 W 29th StNew York, NY 10001"
Vungle,https://www.tresensa.com,Not available,"443 Park Ave SNew York, NY 10016"
Diaspark Inc,http://www.diaspark.com,Not available,"333 7th AveNew York, NY 10001"
Antidote,https://www.antidote.me,Not available,"450 Park Ave SNew York, NY 10016"
Kodansha USA Inc,http://www.kodanshausa.com,Not available,"451 Park Ave SNew York, NY 10016"
Alchemy 50,http://www.alchemy50.com,Not available,"208 W 29th StNew York, NY 10001"
Momentas Inc,https://www.mntas.com/contact,Not available,"210 W 29th StNew York, NY 10001"
Saavn,http://saavn.com,Not available,"460 Park Ave SNew York, NY 10016"
Clover Trading Corp,https://fabrikant.com,Not available,"36 E 31st St Fl 11New York, NY 10016"
Proto Software,http://protosw.com,Not available,"140 W 30th StNew York, NY 10001"
Tacoda Systems,Not available,Not available,"345 7th AveNew York, NY 10001"
Advancement Courses Inc,http://www.advancementcourses.com,Not available,"352 7th AveNew York, NY 10001"
Universitytickets,http://www.universitytickets.com,Not available,"115 W 30th StNew York, NY 10001"
Bunk1,http://www.bunk1.com,Not available,"471 Park Ave SNew York, NY 10016"
Vpr,http://www.vpr-nyc.com,Not available,"231 W 29th StNew York, NY 10001"
Acxiom Corp,Not available,Not available,"475 Park Ave S Rm 2100New York, NY 10016"
Gravitas Technologies,http://imptestrm.com,Not available,"475 Park Ave S Fl 32New York, NY 10016"
H2O.ai,https://h2o.ai,Not available,"475 Park Ave SNew York, NY 10016"
POS.com,https://www.pos.com,mailto:info@pos.com,"231 W 29th Street 11th FloorNew York, NY 10038"
Infosoft Infosoft,http://www.infosoftinc.com,Not available,"303 5th AveNew York, NY 10016"
Asite LLC,https://www.asite.com,mailto:amalik@asite.com,"245 W 29th StNew York, NY 10001"
Saher USA Inc,Not available,Not available,"1234 BroadwayNew York, NY 10001"
Network Technology Solutions,http://www.networkts.com,Not available,"307 5th AveNew York, NY 10016"
Arnold & Debel Inc,Not available,Not available,"25 W 31st StNew York, NY 10001"
Sense of Smell Institute,http://www.fragrance.org,Not available,"145 E 32nd StNew York, NY 10016"
Varonis Systems Inc,http://www.varonis.com,mailto:support@varonis.com,"1250 BroadwayNew York, NY 10001"
Tegile Systems,http://tegile.com,Not available,"1250 BroadwayNew York, NY 10001"
Quickcomm Software Solutions,Not available,Not available,"2 Park AveNew York, NY 10016"
Magplus,Not available,Not available,"2 Park Ave Fl 10New York, NY 10016"
"Jbi Software, Inc",https://jbisoftware.com,Not available,"2 Park AveNew York, NY 10016"
2u,https://2u.com,Not available,"31 E 32nd StNew York, NY 10016"
Lombard Risk International USA,https://www.vermeg.com/insights-news,Not available,"205 Lexington Ave Fl 5New York, NY 10016"
Lawnewz Inc,https://lawandcrime.com/contact,Not available,"1261 BroadwayNew York, NY 10001"
Meekang Inc,Not available,Not available,"32 W 32nd StNew York, NY 10001"
NetSuite Inc,https://www.netsuite.com/portal/home.shtml,Not available,"251 W 30th StNew York, NY 10001"
Equity Now,http://www.equitynow.com,mailto:aromanello@equitynow.com,"215 Lexington AveNew York, NY 10016"
Cadet Software Corp,Not available,Not available,"37 W 32nd StNew York, NY 10001"
PWR Systems,Not available,Not available,"11 Penn PlzNew York, NY 10001"
RMT Tracking,https://www.rmttracking.com,Not available,"11 Penn PlzNew York, NY 10001"
Charbeault Americas,Not available,Not available,"12 E 33rd StNew York, NY 10016"
Verragio Limited,https://www.verragio.com,Not available,"330 5th AveNew York, NY 10001"
Vestorly Inc,https://www.vestorly.com,Not available,"10 E 33rd St Fl 12New York, NY 10016"
Mobiquity Inc,Not available,Not available,"254 W 31st StNew York, NY 10001"
Amcom Software Inc,http://amcomsoftware.com,Not available,"171 Madison AveNew York, NY 10016"
Eyepatch Inc,Not available,Not available,"231 Lexington AveNew York, NY 10016"
Dense Brain Inc,Not available,Not available,"547 W 27th StNew York, NY 10001"
Client Hub Solution,https://www.translations.com/about/global-headquarters.html,mailto:craig.parker@clienthubsolutions.com,"122W E 34th StNew York, NY 10016"
Sun Gard,Not available,Not available,"3 Park AveNew York, NY 10016"
Madison Park Group,http://www.madisonparkgrp.com,mailto:mmagruder@madisonparkgrp.com,"183 Madison Avenue, Suite 806New York, NY 10016"
Equinox Business Solutions Technical Support,http://questdiagnostics.com,Not available,"614 2nd Ave Ste ENew York, NY 10016"
Business Computer & Network Solutions Inc.,Not available,mailto:Mike@bcnsinc.com,"347 5th Ave Rm 803New York, NY 10016"
Creditfacts Inc,https://www.creditfacts.com,Not available,"347 5th AveNew York, NY 10016"
Orion Technologies LLC,https://orioncompanies.com,mailto:david@cashnsave.com,"347 5th AveNew York, NY 10016"
KBNETWORK Computers,http://www.kbnetwork.net,mailto:hokhok09@gmail.com,"38west 32street ste1605New York, NY 10001"
PPMetrics,http://www.ppmetrics.com,mailto:info@ppmetrics.com,"349 5th AveNew York, NY 10016"
Object Software Inc,Not available,Not available,"16 E 34th St Fl 19New York, NY 10016"
James Dixon Design,Not available,Not available,"350 5th Ave Ste 4716New York, NY 10118"
CYBERNET Software Systems Inc,Not available,Not available,"350 5th Ave Ste 4722New York, NY 10118"
Chenax Majesty IP Inc,Not available,Not available,"350 5th AveNew York, NY 10118"
Limosys Software,Not available,mailto:info@limosys.com,"53 E 34th StNew York, NY 10016"
FinestGov Limited Liability Company,http://www.finestgov.com,mailto:info@finestgov.com,"375 Park AveNew York, NY 10016"
Buy Demographics Data,Not available,Not available,"261 5th AveNew York, NY 10016"
Quantifi Solutions,Not available,Not available,"2765 5th AveNew York, NY 10118"
Triall.com Inc,Not available,Not available,"11 Park AveNew York, NY 10016"
Thinkeco Inc,http://www.thinkeco.com,Not available,"494 8th AveNew York, NY 10001"
Datalink Software Group,Not available,Not available,"19 W 34th StNew York, NY 10001"
Vision Gain Inc,https://www.visiongain.com/contact,Not available,"19 W 34th StNew York, NY 10001"
FitForCommerce,https://www.fitforcommerce.com,Not available,"358 5th AveNew York, NY 10001"
CloudKnots,http://www.cloudknots.com,mailto:admin@cloudknots.com,"19 West, 34th Street, Suite 1018New York, NY 10001"
MicroStrategy,http://www.amnestyusa.org,mailto:sdauer@aiusa.org,"5 Penn PlzNew York, NY 10001"
Algo Inc,http://www.altruik.com,mailto:info@chisrin.com,"112 W 34th StNew York, NY 10120"
Damcosoft Inc.,http://www.damcosoft.com,Not available,"112 W 34th St 18th FlNew York, NY 10120"
Namely,http://www.namely.com,Not available,"43 W 34th StNew York, NY 10001"
Technofina,Not available,Not available,"45 W 34th St Rm 803New York, NY 10001"
Opal Project,http://theopalproject.org,Not available,"365 5th AveNew York, NY 10016"
Imagineer Technology Group,http://www.eurasiagroup.net,mailto:meden@ruperttech.com,"200 Madison Ave Ste 2225New York, NY 10016"
Sprinklr,http://www.sprinklr.com,Not available,"29 W 35th St Fl 8New York, NY 10001"
Vettro,http://www.vettro.com,Not available,"35 W 35th StNew York, NY 10001"
Eyered Support,Not available,mailto:contact@eyered.support,"211 Madison Ave # 9bNew York, NY 10016"
Shopoholiks Inc,Not available,Not available,"224 12th AveNew York, NY 10001"
SAP America Inc.,http://www.sap.com,Not available,"10 Hudson YardsNew York, NY 10001"
Pei Ny,Not available,Not available,"315 W 33rd StNew York, NY 10001"
Atos,http://atosonesource.com/Auth.aspx,Not available,"315 W 33rd StNew York, NY 10001"
Swift Copy Printing,http://www.swiftcopy.com,mailto:swiftcopy@aol.com,"10 E 36th StNew York, NY 10016"
RSC Solutions,http://www.rscsolutions.com,mailto:info@rscsolutions.com,"1 Penn PlzNew York, NY 10119"
Infinity Systems Software,http://www.infinite-blue.com,Not available,"1 Penn PlzNew York, NY 10119"
"eSentire, Inc",http://esentire.com,Not available,"1 Penn PlzNew York, NY 10119"
TRG Screen,https://www.trgscreen.com,Not available,"1 Penn Plz Fl 3New York, NY 10119"
1stop Dvd Duplication New York,Not available,Not available,"378 5th AveNew York, NY 10018"
"Aetion, Inc",http://www.tholons.com,mailto:gaurav@tholons.com,"5 Penn PlzNew York, NY 10001"
Majescomastek Inc,http://majescomastek.com,Not available,"461 8th AveNew York, NY 10001"
Turing Smi,Not available,Not available,"461 8th AveNew York, NY 10001"
DIRO,http://diro.io,Not available,"28 west 36th Street Unit 401New York, NY 10018"
Esprit Systems,Not available,Not available,"14 Penn Plz Ste 1316New York, NY 10122"
I Si Inc,https://www.dotdashmeredith.com,Not available,"64 W 36th StNew York, NY 10018"
Sichga Corp,Not available,mailto:sales@itokidesign.com,"147 W 35th StNew York, NY 10001"
Colden Corporation,https://www.colden.com/contactus/new-york-ny,Not available,"147 W 35th StNew York, NY 10001"
Tailored Communication Services,Not available,Not available,"147 W 35th StNew York, NY 10001"
MeTechGuru,Not available,mailto:hajapureraj@gmail.com,"45 Park Ave Apt 303New York, NY 10016"
Jennifer Ouellette Inc,http://www.jenniferouellette.com,mailto:contact@jenniferouellette.com,"23 W 36th StNew York, NY 10018"
Ashkat Inc,http://www.oddcast.com,mailto:sales@oddcast.com,"25 W 36th St Fl 5New York, NY 10018"
The Windows Support Group Inc,http://empiresuite.com,Not available,"404 5th Ave # 2New York, NY 10018"
Simparel,http://www.simparel.com,mailto:info@simparel.com,"53 W 36th StNew York, NY 10018"
Pushlogic Limited,Not available,Not available,"424 W 33rd StNew York, NY 10001"
Aderant,http://aderant.com,Not available,"424 W 33rd StNew York, NY 10001"
Brylane Inc,http://www.brylanehome.com,Not available,"462 Fashion AveNew York, NY 10018"
Net Perceptions Inc,Not available,Not available,"462 7th AveNew York, NY 10018"
Alveo USA,https://www.alveotech.com/contact,Not available,"1350 BroadwayNew York, NY 10018"
Scc,http://softcomputer.com,mailto:melissa_wood@scc-usa.org,"1350 BroadwayNew York, NY 10018"
Mindsinsync Inc,http://www.genuinemicrodry.com,mailto:chiefs@mindsinsync.com,"1350 BroadwayNew York, NY 10018"
Open Wave Computing,http://www.openwavecomp.com,Not available,"1350 BroadwayNew York, NY 10018"
Pexip,https://www.pexip.com/contact,Not available,"240 W 35th StNew York, NY 10001"
BuyerGenomics,https://buyergenomics.com,mailto:info@buyergenomics.com,"213 W 35th StNew York, NY 10001"
"Ej2 Communications, Inc",https://www.flashpoint-intel.com,Not available,"142 W 36th StNew York, NY 10018"
Webtech Software,http://www.webtechplm.com/index-5.html,Not available,"142 W 36th StNew York, NY 10018"
Dash,https://dash-app.com,Not available,"150 W 36th StNew York, NY 10018"
Catalyst East,http://www.catalystusa.com,mailto:sales@catalystusa.com,"474 Fashion AveNew York, NY 10018"
Prime Focus Technologies,https://www.primefocustechnologies.com,Not available,"10 W 37th StNew York, NY 10018"
Mobile Programming,https://www.mobileprogramming.com/contactus,Not available,"345 E 37th StNew York, NY 10016"
Bridger,https://www.mybridger.com,Not available,"40 W 37th St Rm 806New York, NY 10018"
ASI System Integration Inc.,http://www.asisystem.com,mailto:info@goagilant.com,"48 W 37th St Fl 4New York, NY 10018"
Hellen Andrews Inc,Not available,Not available,"48 W 37th StNew York, NY 10018"
Ip Blue Technology Solutions,Not available,Not available,"135 W 36th StNew York, NY 10018"
Debtdomain Limited,https://www.debtdomain.com,Not available,"1359 BroadwayNew York, NY 10018"
Suma Beads Gems & Pearls,Not available,Not available,"66 W 37th StNew York, NY 10018"
Reval,https://www.reval.com,Not available,"420 5th AveNew York, NY 10018"
Iag Limited,https://iagltd.com,Not available,"240 Madison AveNew York, NY 10016"
"Xincon Technologies, Inc.",http://xincon.com,mailto:info@xincon.com,"500 8th Ave Rm 401New York, NY 10018"
Gventure Technology,http://www.gventure.us,mailto:info@gventure.us,"244 Madison AveNew York, NY 10016"
Fluper,https://www.fluper.com,mailto:enquiry@fluper.com,"244 Madison AveNew York, NY 10016"
SPS Software Products & Service,https://www.spsnet.com,Not available,"14 E 38th StNew York, NY 10016"
Shopfloor Support,https://www.aptean.com/en-US/solutions/mes/products/apparel-shop-floor-control-exenta/2017/08/31/shop-floor-control-software-managing-apparel-manufacturing-labor-and-workflow,Not available,"8 W 38th StNew York, NY 10018"
KJ Technology Consulting,http://www.kjtechnology.com,mailto:info@kjtechnology.com,"247 W 36th StNew York, NY 10018"
Posh,https://www.posh.vip,Not available,"22 W 38th StNew York, NY 10018"
Scroll Motion Inc,http://www.scrollmotion.com,Not available,"22 W 38th StNew York, NY 10018"
norton setup,https://nortoncomsetupkey.com,mailto:lets123@gmail.com,"1372 BroadwayNew York, NY 10018"
Kashiyama USA Inc,Not available,Not available,"499 Fashion AveNew York, NY 10018"
Softnet Solutions,Not available,Not available,"40 W 38th StNew York, NY 10018"
Meltwater,https://www.meltwater.com,Not available,"1375 BroadwayNew York, NY 10018"
Nicolas Caito Inc,https://nicolascaito.com,Not available,"218 W 37th StNew York, NY 10018"
Albert Technologies Ltd,https://albert.ai,Not available,"102 W 38th StNew York, NY 10018"
Powercom Ars,http://www.powercomars.com,Not available,"57 W 38th StNew York, NY 10018"
"Lotame Solutions, Inc",http://lotame.com,mailto:info@lotame.com,"31 Hudson YardsNew York, NY 10001"
AccountsPro,http://accountspro.co,mailto:dheeraj9981@gmail.com,"600 3rd AveNew York, NY 10016"
Precision It Group,http://www.precisionit.com,mailto:support@precisionit.com,"237 W 37th StNew York, NY 10018"
Linedata Services BFT Inc,http://www.linedata.com,Not available,"90 Park AveNew York, NY 10016"
SupportMart,http://www.supportmart.com,Not available,"90 Park AveNew York, NY 10016"
Agio,http://agio.com,Not available,"535 8th AveNew York, NY 10018"
Qbeats Inc,Not available,Not available,"32 W 39th StNew York, NY 10018"
Statsocial Inc,http://www.statsocial.com,Not available,"265 W 37th StNew York, NY 10018"
Emblazent Inc,http://www.emblazent.com,Not available,"270 Madison AveNew York, NY 10016"
Credibly,https://www.credibly.com,Not available,"270 Madison AveNew York, NY 10016"
Cegid Corp,http://cegid.com,mailto:cegiduk@cegid.com,"274 Madison Ave Rm 1400New York, NY 10016"
My Best Practice,https://www.mbpractice.com,mailto:info@mbpractice.com,"280 Madison AveNew York, NY 10016"
Andium Inc,https://andium.com,Not available,"336 W 37th StNew York, NY 10018"
Scheduall Software,https://netinsight.net,Not available,"336 W 37th StNew York, NY 10018"
Runit Systems,http://www.runit.com,mailto:robert.marcus@runit.com,"37 W 39th StNew York, NY 10018"
Keane & Co,http://www.keane.com,Not available,"525 Fashion Ave Rm 18eNew York, NY 10018"
Green Point Global,http://www.greenpointglobal.com,Not available,"1407 Broadway Rm 1220New York, NY 10018"
FreeWheel Media Inc,https://www.freewheel.com,Not available,"1407 BroadwayNew York, NY 10018"
Data Tech,http://aura-inc.com,mailto:info@china-discovery.com,"545 8th AveNew York, NY 10018"
Unison Systems Inc,Not available,Not available,"545 8th AveNew York, NY 10018"
Sunnex Inc,http://sunnexgroup.com,mailto:clung335@aol.com,"525 Fashion AveNew York, NY 10018"
Applicaster,https://www.applicaster.com/privacy-security,Not available,"1410 BroadwayNew York, NY 10018"
Tecsys US Inc,https://www.tecsys.com,Not available,"1040 Avenue Of The AmericasNew York, NY 10018"
Sweet Clarity Productions Ltd,Not available,Not available,"1410 BroadwayNew York, NY 10018"
Investlink,http://www.invlink.com,Not available,"8 W 40th St Fl 5New York, NY 10018"
Bundlefi,http://bundlefi.com,Not available,"530 Fashion AveNew York, NY 10018"
7th Online,http://www.7thonline.com,mailto:support@7thonline.com,"24 W 40th StNew York, NY 10018"
Augury Inc,http://www.appboy.com,Not available,"263 W 38th StNew York, NY 10018"
Computech Software,http://c.ypcdn.com/2/c/rtd?vrid=s7byh12ztb&rid=94452dd5-b0ae-4405-9f66-15c96dd7b90d&ptid=s7byh12ztb&ypid=8965060&lid=1000972028305&tl=6&lsrc=IY&dest=http%3A%2F%2Fwww.fireflydes.com,Not available,"100 Park AveNew York, NY 10017"
Jewel Cad Software Inc,Not available,Not available,"100 Park AveNew York, NY 10017"
Finanalytica Inc,https://www.factset.com/solutions/portfolio-analytics/performance,Not available,"100 Park AveNew York, NY 10017"
ShopReply Inc.,Not available,Not available,"54 W 40th STNew York, NY 10018"
Smartquant Ltd,http://smartquant.com,Not available,"369 Lexington Ave Fl 2New York, NY 10017"
Alphapoint Corp,http://www.alphapoint.com,Not available,"54 W 40th StNew York, NY 10018"
Stage 2 Networks,http://www.stage2networks.com,mailto:gpanagiotou@stage2networks.com,"70 W 40th St Fl 7New York, NY 10018"
Condeco,http://www.mbg-inc.com,mailto:rich@know-ware.com,"370 Lexington Ave Rm 1409New York, NY 10017"
Swaxx Corp,Not available,Not available,"70 W 40th StNew York, NY 10018"
Ultimedia USA,Not available,Not available,"320 W 38th St Apt 1410New York, NY 10018"
Blueline Grid Inc,https://www.bluelinegrid.com,Not available,"261 Madison AveNew York, NY 10016"
Ryan Bailer Support,http://www.ryanbailersupport.com,mailto:ryan@ryanbailersupport.com,"261 Madison Ave Fl 10New York, NY 10016"
CK Technology Group,http://www.cktechnology.com,mailto:info@cktechnology.com,"330 W 38th StNew York, NY 10018"
Eastman Software Inc,http://www.fticonsulting.com,mailto:investor@fticonsulting.com,"622 3rd AveNew York, NY 10017"
Quest Software,Not available,mailto:ron_frank@earthlink.net,"104 W 40th StNew York, NY 10018"
Real Time Risk Systems,http://realtimerisksystems.com,Not available,"104 W 40th StNew York, NY 10018"
CKM Analytix Inc,https://ckmanalytix.com/privacy-policy,Not available,"104 W 40th StNew York, NY 10018"
Atlantic Systems,http://asi-nj.com,Not available,"120 E 41st StNew York, NY 10017"
Maureen Data Systems,http://www.mdsny.com,mailto:info@mdsny.com,"307 W 38th St Rm 1801New York, NY 10018"
Applied Informatics Inc,http://appliedinformaticsinc.com,Not available,"275 Madison AveNew York, NY 10016"
Imperva Inc,http://www.imperva.com,Not available,"275 Madison AveNew York, NY 10016"
Cad Blu Inc,https://www.cadblu.com/contact-us,Not available,"250 W 39th StNew York, NY 10018"
Healthcare Software,http://www.amcomsoftware.com,mailto:fbalzano@aol.com,"286 Madison AveNew York, NY 10017"
MatrixCare,https://www.matrixcare.com,Not available,"575 8th AveNew York, NY 10018"
Optimum Systems Solutions,Not available,Not available,"260 W 39th StNew York, NY 10018"
Zound Industries,https://www.zoundindustries.com,Not available,"260 W 39th StNew York, NY 10018"
Mibar Computer Svc,http://www.mibar.net,mailto:dn@mibar.net,"1430 Broadway Rm 1303New York, NY 10018"
Chanonix Inc,http://www.jantzen.com,mailto:info@jantzentailor.com,"231 W 39th StNew York, NY 10018"
Tarr Technology Consulting,Not available,Not available,"589 8th Ave 21st FlNew York, NY 10018"
Court Alert,Not available,mailto:Info@CourtAlert.com,"552 Fashion Ave Rm 502New York, NY 10018"
Bloomberg Polar Lake,http://bloombergpolarlake.com,Not available,"120 Park AveNew York, NY 10017"
Informatica,http://informatica.com,Not available,"125 Park AveNew York, NY 10017"
Parksbynature Network,http://www.parksbynature.com,Not available,"1431 BroadwayNew York, NY 10018"
STRATACACHE Inc,http://stratacache.com,Not available,"655 W 34th StNew York, NY 10001"
Ggs Information Services,Not available,Not available,"305 Madison AveNew York, NY 10165"
Tti Technologies International,http://www.ttitel.com,mailto:info@ttitel.com,"483 10th Ave Rm 425New York, NY 10018"
MAC PHONE REPAIR,Not available,mailto:Support@macphonerepair.com,"1441 Broadway Ste 5049New York, NY 10018"
"Ideanomics, Inc",https://ideanomics.com,Not available,"1441 BroadwayNew York, NY 10018"
"QA Mentor, Inc.",http://www.qamentor.com,mailto:contactus@qamentor.com,"1441 BroadwayNew York, NY 10018"
Netula,https://netula.business.site,Not available,"1441 BroadwayNew York, NY 10018"
Software 2000 Inc,http://www.protosoftware.com,mailto:support@thebettersoftwarecompany.com,"122 E 42nd StNew York, NY 10168"
The Network Place,https://www.docplace.io,Not available,"209 W 40th St Lbby 1New York, NY 10018"
Meprism,https://meprism.com,Not available,"220 E 42nd StNew York, NY 10017"
Vee Technologies,http://www.veetechnologies.com,mailto:analyst@veetechnologies.com,"489 5th AveNew York, NY 10017"
"Perry Street Software, Inc.",Not available,mailto:legal@perrystreet.com,"489 5th Ave Rm 29ANew York, NY 10017"
Icd America,http://www.icdamerica.com,Not available,"150 E 42nd StNew York, NY 10017"
Proteli,Not available,mailto:mpropper@proteli.com,"264 W 40th St Rm 401New York, NY 10018"
"Atria Wealth Solutions, Inc",https://www.atriawealth.com,Not available,"295 Madison AveNew York, NY 10017"
Sandstorm Technologies,http://www.sandstormtech.com,Not available,"295 Madison AveNew York, NY 10017"
"Iconology, Inc.",http://www.comixology.com,mailto:info@comixology.com,"512 Fashion Ave., 12 FlrNew York, NY 10018"
ComiXology,http://www.comixology.com,mailto:info@comixology.com,"512 Fashion Ave., 12 FlrNew York, NY 10018"
Avid Technology Inc,http://avid.com,mailto:pchen@fiber-delphi.com,"60 E 42nd StNew York, NY 10165"
"WorkFusion, Inc",https://www.workfusion.com,mailto:jgepner@mindspring.com,"1450 Broadway Fl 19New York, NY 10018"
Funding Gates,Not available,mailto:info@fundinggates.com,"333 W 39th StNew York, NY 10018"
IT Governance USA,https://www.itgovernanceusa.com,mailto:mslepian@itgovernanceusa.com,"420 Lexington Avenue-Suite 300New York, NY 10170"
Aetherworks,http://www.aetherworks.com,Not available,"501 5th AveNew York, NY 10017"
Advisen Limited,https://www.advisenltd.com,Not available,"205 E 42nd StNew York, NY 10017"
Swrve,http://www.servyapp.com,Not available,"205 E 42nd StNew York, NY 10017"
Mention,https://mention.com/en,Not available,"205 E 42nd StNew York, NY 10017"
Entertainment Software Rating,http://www.esrb.org,Not available,"41 E 42nd StNew York, NY 10017"
Advent Software,Not available,mailto:centralpcs@aol.com,"666 3rd AveNew York, NY 10017"
E-Style Software Corp,http://www.estylesoft.com,Not available,"500 5th AveNew York, NY 10110"
Advent Software Inc,http://www.advent.com,mailto:legal@advent.com,"500 5th AveNew York, NY 10110"
"Graphen, Inc",http://www.graphen.ai,mailto:alex@watchcentral.com,"500 5th AveNew York, NY 10110"
Finivation Software,Not available,mailto:bbodell@finivation.com,"500 5th AveNew York, NY 10110"
Itochu Technology Inc,http://ctc-america.com,mailto:technicalsupport@gigaspaces.com,"317 Madison Ave Rm 715New York, NY 10017"
Etf Issuer,http://www.etfissuersolutions.com,Not available,"317 Madison Ave Rm 920New York, NY 10017"
Entertainment Software Rating Board,http://www.esrb.org,Not available,"317 Madison Ave Fl 22New York, NY 10017"
Tekrevol,Not available,Not available,"405 Lexington AveNew York, NY 10174"
Multiware Solutions,http://motorware.com,mailto:allanr30@aol.com,"11 W 42nd StNew York, NY 10036"
Iggi App Incorporated,http://www.numediaholdings.com,Not available,"132 E 43rd StNew York, NY 10017"
Autocipher,http://www.autocipher.com,Not available,"132 E 43rd StNew York, NY 10017"
Big Apple Design Group,http://www.bigappledesigns.com,mailto:sales@bigappledesigns.com,"130 W 42nd St Ste 801New York, NY 10036"
Allscripts,http://www.allscripts.com,Not available,"130 W 42nd StNew York, NY 10036"
"Plaay, LLC",Not available,mailto:chris.ricciardi@plaaysports.com,"1460 BroadwayNew York, NY 10036"
Usgogo Inc,http://www.shouldisign.com,mailto:info@onecloud.io,"1460 BroadwayNew York, NY 10036"
"FingerMotion, Inc",https://www.fingermotion.com,Not available,"1460 BroadwayNew York, NY 10036"
Lenmar Inc,http://pietros.com,Not available,"232 E 43rd StNew York, NY 10017"
Productivity Software Intl.,Not available,Not available,"211 E 43rd StNew York, NY 10017"
SS&C Technologies,http://www.xiostech.com,Not available,"151 W 42nd St Fl 6New York, NY 10036"
Paige AI Inc,https://www.paige.ai,Not available,"11 Times SqNew York, NY 10036"
Digital Reasoning Systems,Not available,Not available,"11 Times SqNew York, NY 10036"
Smarter Grid Solutions Inc,http://www.smartergridsolutions.com,Not available,"335 Madison AveNew York, NY 10017"
Inktomi,Not available,Not available,"1114 Avenue Of The AmericasNew York, NY 10036"
Altus Group,https://www.altusgroup.com,Not available,"340 Madison AveNew York, NY 10173"
Tta Corporate Software & Service,https://www.thomsonreuters.com/en/locations/location-detail.html/new-york-location,Not available,"3 Times SqNew York, NY 10036"
Meteor Managed Inc,http://www.meteormanaged.com,Not available,"310 E 44th StNew York, NY 10017"
Logical Information Machines,http://morningstarcommodity.com,mailto:commoditydata-support@morningstar.com,"521 5th AveNew York, NY 10175"
Prodea Software Corp,Not available,Not available,"521 5th AveNew York, NY 10175"
"Entex Information Services, Inc.",Not available,Not available,"1120 Avenue Of The AmericasNew York, NY 10036"
Pegasystems Inc,http://www.pega.com,mailto:pegasolutions@pega.com,"1120 Avenue Of The AmericasNew York, NY 10036"
Lexorlogic Corp,Not available,Not available,"1120 Avenue Of The AmericasNew York, NY 10036"
Eluminous Technologies,https://eluminoustechnologies.com,Not available,"708 3rd Avenue New YorkNew York, NY 10017"
Jovus,http://www.jovus.com,mailto:d.singh@jovus.com,"28 W 44th StNew York, NY 10036"
"Trupoly, Inc.",http://www.trupoly.com,mailto:info@trupoly.com,"PO Box 20240New York, NY 10017"
Volt Information Sciences Inc.,http://www.volt.com,Not available,"1133 Avenue Of The Americas 15th FlNew York, NY 10036"
ETNA,http://www.etnasoft.com,mailto:info@etnasoft.com,"36 W 44th St Ste 302BNew York, NY 10036"
Soundspectrum Inc,https://www.soundspectrum.com,Not available,"708 3rd Ave Fl 6New York, NY 10017"
Ullink,https://www.ullink.com,Not available,"708 3rd Ave Rm 701New York, NY 10017"
Manberg,Not available,Not available,"1 E 44th St Rm 201New York, NY 10017"
Seque Software,Not available,Not available,"50 W 44th StNew York, NY 10036"
TRGRP Inc,http://www.trgrp.com,Not available,"441 Lexington AveNew York, NY 10017"
Analytx Inc,http://efront.com,Not available,"11 E 44th StNew York, NY 10017"
Operative,https://www.operative.com,Not available,"530 5th AveNew York, NY 10036"
Neovest,Not available,Not available,"530 5th AveNew York, NY 10036"
Vnu Mngr,https://www.vnumngr.com,Not available,"303 W 42nd StNew York, NY 10036"
Eze Castle Software,Not available,mailto:salesapac@ezesoft.com,"52 Vanderbilt Ave Fl 11New York, NY 10017"
OMEX Systems Inc,https://www.omexsystems.com/en/contact_us.html,Not available,"535 5th AveNew York, NY 10017"
Video Perfect,Not available,Not available,"1501 BroadwayNew York, NY 10036"
"Take-Two Interactive Software, Inc",http://www.take2games.com,mailto:pauleibeler@take2games.com,"110 W 44th StNew York, NY 10036"
Private Division,https://www.privatedivision.com,Not available,"110 W 44th StNew York, NY 10036"
Betaworks,https://www.betaworks.com,Not available,"140 E 45th StNew York, NY 10017"
Wiznucleus Inc,https://www.wiznucleus.com,Not available,"200 Park AveNew York, NY 10166"
LegalStratus,https://legalstratus.com,Not available,"200 Park AveNew York, NY 10166"
Manhattan Information Systems,http://www.maninfosys.com,mailto:michele.mergl@chase.com,"228 East 45th Street  2nd floorNew York, NY 10017"
TechCare Corp,Not available,Not available,"1140 Avenue Of The AmericasNew York, NY 10036"
Market Organization Inc,https://www.thenaturalsapphirecompany.com,mailto:marnstein@hotmail.com,"6 E 45th StNew York, NY 10017"
Emailvision,Not available,Not available,"2 E 45th St Rm 1000New York, NY 10017"
Isafe Technologies,Not available,Not available,"141 E 45th StNew York, NY 10017"
QFIT,http://www.qfit.com,mailto:support@qfit.com,"100 United Nations PlzNew York, NY 10017"
Clearview Global,http://www.clearviewglobal.com,mailto:sr@rattanandpartners.com,"16 W 45th StNew York, NY 10036"
Pefin Inc,https://www.pefin.com,Not available,"360 Madison AveNew York, NY 10017"
Pride Technologies,Not available,Not available,"230 Park AveNew York, NY 10169"
Aperture Technologies,Not available,Not available,"230 Park AveNew York, NY 10169"
Techlink Systems Inc,Not available,Not available,"230 Park Ave Rm 453New York, NY 10169"
"Intelligize, Inc",https://www.intelligize.com,Not available,"230 Park AveNew York, NY 10169"
Tarifica Ltd,https://tarifica.com,Not available,"230 Park AveNew York, NY 10169"
Eloquence Corp,https://eloquence.com,Not available,"35 W 45th St Fl 11New York, NY 10036"
Thoughtworks,https://www.thoughtworks.com,Not available,"1515 BroadwayNew York, NY 10036"
Coleman Research Group,http://www.colemanrg.com,mailto:colemanrg1@gmail.com,"120 W 45th St Fl 25New York, NY 10036"
Vijisan Inc,https://www.vijisan.com/contact-us,Not available,"2 W 46th StNew York, NY 10036"
Encoretech,https://encoretech.com,Not available,"250 Park AveNew York, NY 10177"
Commtouch Software,Not available,Not available,"245 Park AveNew York, NY 10167"
Network Access Solutions,Not available,Not available,"245 Park AveNew York, NY 10167"
Blue Water,https://bwm.com,Not available,"245 Park AveNew York, NY 10167"
Talkwalker Inc.,https://www.talkwalker.com,Not available,"485 Lexington AveNew York, NY 10017"
Sprinterra,http://sprinterra.com/#98q00X,Not available,"747 3rd AveNew York, NY 10017"
Intellicheck Mobilisa Inc,https://www.intellicheck.com,Not available,"750 3rd AveNew York, NY 10017"
Neovest Inc,http://neovest.com,mailto:sales@neovest.com,"383 Madison AveNew York, NY 10017"
Code Climate,http://www.codeclimate.com,Not available,"21 W 46th StNew York, NY 10036"
Marin Software,https://www.marinsoftware.com,mailto:info@interact-intranet.com,"21 W 46th StNew York, NY 10036"
Vorticom Inc,http://www.vorticom.com,Not available,"216 E 47th StNew York, NY 10017"
Cloudreach,http://www.c9tec.com,Not available,"565 5th AveNew York, NY 10017"
Symphony Communication Services,https://symphony.com,Not available,"565 5th AveNew York, NY 10017"
Jayarvee Inc,http://birdlandjazz.com,Not available,"315 W 44th StNew York, NY 10036"
Cast Software,http://www.castsoftware.com,mailto:jrsmith@ctr.columbia.edu,"321 W 44th StNew York, NY 10036"
"Logic9s, LLC",http://www.clearfactr.com,mailto:info@clearfactr.com,"460 12th AveNew York, NY 10018"
Wise Choice Software,http://wisechoicesoftware.com,Not available,"1180 Avenue Of The Americas Fl 7New York, NY 10036"
Magnolia Americas Inc,http://www.magnolia-cms.com,Not available,"1540 BroadwayNew York, NY 10036"
Burak Fredric,Not available,Not available,"1185 Avenue Of The AmericasNew York, NY 10036"
GetSwift Technologies Limited,https://getswift.co,Not available,"1185 Avenue Of The AmericasNew York, NY 10036"
Ali Afshar Inc,Not available,Not available,"44 W 47th StNew York, NY 10036"
Scienaptic System,https://www.scienaptic.ai/contact,Not available,"50 W 47th StNew York, NY 10036"
DRS Findings,http://drsjewelry.com,Not available,"56 W 47th StNew York, NY 10036"
InCycle Software,https://www.incyclesoftware.com,Not available,"1120 Avenue OfamericasNew York, NY 10036"
"Donald, Cecil",http://www.thececilharlem.com,Not available,"767 3rd AveNew York, NY 10017"
Robert Bogel Inc,http://www.engagementringsdirect.com,Not available,"580 5th AveNew York, NY 10036"
DRC Systems USA,http://drcsystems.com,mailto:mahesh@drcsystems.com,"15 W 47th St Ste 506New York, NY 10036"
Jri America Inc,http://www.jri-america.com,Not available,"277 Park Ave Fl 6New York, NY 10172"
Imagine Software Inc,http://www.derivatives.com,Not available,"400 Madison AveNew York, NY 10017"
Vandian Inc,http://vandian.net,Not available,"18 E 48th St Rm 1106New York, NY 10017"
Dpci,http://www.databasepublish.com,Not available,"1560 BroadwayNew York, NY 10036"
Corvil,https://www.pico.net,mailto:support@corvil.com,"777 3rd Ave Rm 21BNew York, NY 10017"
SEI Archway,https://resources.archwaytechnology.net,Not available,"777 3rd AveNew York, NY 10017"
Technology Crossover Ventures,http://www.tcv.com,Not available,"280 Park AveNew York, NY 10017"
Micromuse Inc,Not available,mailto:webmaster@micromuse.com,"780 3rd AveNew York, NY 10017"
Valtech Inc,http://www.vringoip.com,mailto:officemanager@bialecki.com,"780 3rd Ave Rm 1503New York, NY 10017"
Hoc,http://www.hoc.com,Not available,"22 W 48th StNew York, NY 10036"
Idiamondcloud,http://www.idiamondcloud.com,Not available,"48 W 48th StNew York, NY 10036"
Sysprep Inc,Not available,Not available,"420 Madison AveNew York, NY 10017"
Egar Technologies Inc,http://www.egartech.com,mailto:rjain@egargech.com,"866 United Nations PlzNew York, NY 10017"
DemandFarm,https://www.demandfarm.com,Not available,"10 Rockefeller PlzNew York, NY 10020"
Medius,https://www.medius.com,Not available,"12 E 49th StNew York, NY 10017"
Seismic Software,https://seismic.com,Not available,"12 E 49th StNew York, NY 10017"
Pride Technologies,http://www.pridetech.com,mailto:verification@prideglobal.com,"420 Lexington AveNew York, NY 10170"
"Plastarc, Inc.",https://plastarc.com,Not available,"300 Park AveNew York, NY 10022"
Soft Touch Computer Inc,Not available,Not available,"455 W 45th StNew York, NY 10036"
Composite Software,http://compositesw.com,mailto:privacyadministrator@simonandschuster.com,"1230 Avenue Of The AmericasNew York, NY 10020"
Neudesic,http://www.neudesic.com,Not available,"1230 Avenue Of The Americas Fl 7New York, NY 10020"
Chorsiant Software,Not available,mailto:rajeevko@pdmtech.com,"1230 Avenue Of The AmericasNew York, NY 10020"
Mindspring Inc,http://mindspringinc.com,Not available,"1230 Avenue Of The AmericasNew York, NY 10020"
H2Ec Inc,http://www.h2ecinc.com/en_US,Not available,"723 7th AveNew York, NY 10019"
ACS Service,Not available,Not available,"643 W 43rd StNew York, NY 10036"
Visulon,https://www.visulon.com,Not available,"1600 BroadwayNew York, NY 10019"
SWI,http://swi.cc,mailto:admin@swi.cc,"100-21 Roosevelt Ave,203#, Flushing, NY 11354New York, NY 10020"
Procam USA Inc,https://procamtake2.com/uk/contact/new-york,Not available,"545 W 45th StNew York, NY 10036"
Umbrella Technology Solutions L.L.C.,http://www.utsservices.com,Not available,"45 Rockefeller Plaza at 630 Fifth Avenue, 20th Floornew york, NY 10111"
Trefilarbed Inc,http://alzcanada.com,mailto:info@laurusfunds.com,"825 3rd AveNew York, NY 10022"
Caminus Corp,Not available,Not available,"825 3rd AveNew York, NY 10022"
Cryptologic,Not available,Not available,"830 3rd AveNew York, NY 10022"
Schiphol USA Inc,Not available,Not available,"570 Lexington AveNew York, NY 10022"
Xenomorph Software Inc,https://www.xenomorph.com/about/contact,Not available,"45 Rockefeller Plz Fl 20New York, NY 10111"
Citrix Systems Inc,https://www.citrix.com,Not available,"750 7th AveNew York, NY 10019"
Truescape USA Inc,http://www.truescape.com,Not available,"575 Lexington AveNew York, NY 10022"
Figurehead Software,Not available,mailto:gary@figureheadsoftware.com,"575 Lexington AveNew York, NY 10022"
Entertainment Software Rating Board,http://www.esrb.org,Not available,"845 3rd AveNew York, NY 10022"
Everseen Ltd,https://everseen.com/contact,Not available,"345 Park AveNew York, NY 10154"
Sonnecto,https://www.sonnecto.com,Not available,"477 Madison Ave 6th floorNew York, NY 10022"
Epicor,Not available,Not available,"599 Lexington AveNew York, NY 10022"
Exact Solutions Inc,http://exact-solutions.com,mailto:sales@exact-solutions.com,"1650 BroadwayNew York, NY 10019"
Business Engine Software Corporation,Not available,Not available,"19 W 52nd StNew York, NY 10103"
Cerberus Operations & Advisory,https://www.cerberus.com/operating-capabilities/coac,Not available,"875 3rd Ave Fl 12New York, NY 10022"
Rila Software Corp,http://rilasoftware.com,mailto:chrishansen@earthlink.net,"18 E 53rd StNew York, NY 10022"
Blue Prism,https://www.blueprism.com,Not available,"10 E 53rd StNew York, NY 10022"
App Rise Communications,https://theemployeeapp.com,Not available,"880 3rd AveNew York, NY 10022"
Artificial Life Inc,Not available,Not available,"885 3rd AveNew York, NY 10022"
Production Systems Acquisition Corp,Not available,Not available,"520 Madison AveNew York, NY 10022"
Unger Software Corporation,Not available,mailto:harold@ungersoft.com,"226 E 54th StNew York, NY 10022"
Agilence Inc,https://www.agilenceinc.com,Not available,"399 Park AveNew York, NY 10022"
Peermusic Limited,http://www.jacobtv.net,Not available,"810 7th AveNew York, NY 10019"
KPN TECHNOLOGY,Not available,Not available,"1330 Avenue of the AmericasNew York, NY 10019"
Tradertools Inc,https://www.tradertools.com,Not available,"1325 Avenue Of The AmericasNew York, NY 10019"
Dreamtek Inc,https://dreamtek.tv,Not available,"1330 Avenue Of The AmericasNew York, NY 10019"
Adrem Software,https://www.adremsoft.com,Not available,"1330 Avenue Of The AmericasNew York, NY 10019"
Servex US Inc,https://servex-us.com,Not available,"322 W 52nd StNew York, NY 10101"
Upbuild,https://blog.upbuildnyc.com,Not available,"159 W 53rd StNew York, NY 10019"
Microarea Desarrollos,http://www.microarea.us,Not available,"410 Park AveNew York, NY 10022"
Adrem Software Inc,http://www.adremsoft.com,mailto:sales@adremsoft.com,"410 Park AveNew York, NY 10022"
Clockineasy,https://clockineasy.com,Not available,"909 3rd AveNew York, NY 10022"
Percent,https://percent.com,Not available,"909 3rd AveNew York, NY 10150"
Genisys Software Ltd,https://genisys-group.com,Not available,"1345 Avenue Of The AmericasNew York, NY 10105"
Drawbridge,https://drawbridgeco.com,Not available,"1350 Avenue Of The AmericasNew York, NY 10019"
Donegal Inc,Not available,Not available,"236 W 54th StNew York, NY 10019"
Ion Interactive,Not available,Not available,"250 W 54th StNew York, NY 10019"
It Vendor Central,http://www.atozspecialoffers.com,mailto:itvendorcentral@aurumtech.com,"136 E 56th StNew York, NY 10022"
Market Methodology,http://marketmethodology.com,Not available,"120 E 56th StNew York, NY 10022"
Givewith,https://www.givewith.com,Not available,"555 Madison AveNew York, NY 10022"
"Marks, Roger",Not available,Not available,"101 W 55th StNew York, NY 10019"
Chateaux Software Inc,https://chatsoft.com,Not available,"535 W 51st StNew York, NY 10019"
Star On 6,https://allstar.gg,Not available,"1373 Avenue Of The AmericasNew York, NY 10019"
Orbus Software,http://www.limosys.com,mailto:enquiries@orbussoftware.com,"445 Park AveNew York, NY 10022"
Kapow Tech,https://www.kofax.com/products/rpa,Not available,"445 Park AveNew York, NY 10022"
3D Innovations,Not available,Not available,"445 Park AveNew York, NY 10022"
Corechange Inc,Not available,Not available,"445 Park AveNew York, NY 10022"
McAfee,http://mcafee.com,Not available,"575 Madison AveNew York, NY 10022"
I T by Design Inc,http://www.itbd.net,Not available,"950 3rd AveNew York, NY 10022"
Quattromega Inc,http://www.hsh-nordbank.com,mailto:matthias.umlauf@hsh-nordbank.com,"590 Madison AveNew York, NY 10022"
Savor Health,Not available,Not available,"590 Madison Ave Fl 21New York, NY 10022"
DigitalOfficePro,http://www.digitalofficepro.com,mailto:seo@digitalofficepro.com,"117 E 57th StNew York, NY 10022"
Cognitive Arts,http://www.capgemini.com,Not available,"115 E 57th StNew York, NY 10022"
Deep Instinct,https://www.deepinstinct.com,Not available,"888 7th Ave Fl 5New York, NY 10106"
Ipiusa Corp,Not available,Not available,"50 W 57th StNew York, NY 10019"
Parfums Ungro Inc,Not available,Not available,"9 W 57th StNew York, NY 10019"
Orc Software,Not available,Not available,"720 Lexington AveNew York, NY 10022"
Telmar Information Serivces,http://www.telmar.com,Not available,"470 Park AveNew York, NY 10022"
Lindt & Sprungi Inc,http://www.lindtusa.com,Not available,"711 12th AveNew York, NY 10019"
Sapro Systems,http://www.paymentapplication.com,mailto:sales@saprosystems.com,"16 E 58th StNew York, NY 10022"
Ramp Up Technology,https://www.rampuptech.com,Not available,"119 W 57th StNew York, NY 10019"
Archaio,http://archaio.com,mailto:sales@archaio.com,"767 5th AveNew York, NY 10153"
Westlake Equities Inc,Not available,mailto:telebob@hotmail.com,"322 W 57th StNew York, NY 10019"
"Conduit Global, Inc.",Not available,mailto:info@conduitglobal.com,"750 Lexington Ave Fl 9New York, NY 10022"
Branded Mind,https://www.brandedmind.com,Not available,"1740 Broadway Fl 15New York, NY 10019"
Richard Leibner Inc,https://nsbienstock.com,Not available,"1740 BroadwayNew York, NY 10019"
Shaked Technologies Inc,http://www.shakedtechnologies.com/index-6.html,Not available,"301 W 57th StNew York, NY 10019"
Echo360 Inc,https://echo360.com,Not available,"358 W 58th StNew York, NY 10019"
Activision,http://investor.activision.com,Not available,"654 Madison Ave Rm 1801New York, NY 10065"
Microsoft,https://www.microsoft.com/en-us/store/locations/ny/new-york/time-warner-center---the-shops-at-columbus-circle/store-71,Not available,"10 Columbus CirNew York, NY 10019"
DBMS Consulting Inc.,http://www.clinicalserver.com,Not available,"1173 2nd AveNew York, NY 10065"
Nexera Inc,http://www.nexerainc.com,mailto:andyk@krystaltech.com,"555 W 57th StNew York, NY 10019"
Decana Inc,Not available,Not available,"10 E 62nd StNew York, NY 10065"
Sonja Inc,Not available,Not available,"162 E 63rd StNew York, NY 10065"
Vermilion Software Inc,Not available,Not available,"61 W 62nd StNew York, NY 10023"
SurgiVance,https://surgivance.com,Not available,"310 E 67th StNew York, NY 10065"
Skyrose Inc,http://jardino.business.site,Not available,"1159 3rd AveNew York, NY 10065"
Software Expressions,https://tibetfund.org,Not available,"315 E 68th StNew York, NY 10065"
Reality AI,https://reality.ai,mailto:info@reality.ai,"157 Columbus AveNew York, NY 10023"
Kmgi Software Inc.,http://www.soleau.com,mailto:custserv@digitalriver.com,"119 W 72nd Street  339New York, NY 10023"
SMartinez & Company,Not available,mailto:smartinez@smartinezcompllc.com,"1995 Broadway Ste 200New York, NY 10023"
Alan Lubell Office,Not available,Not available,"19 E 71st StNew York, NY 10021"
Birote Corporation,Not available,Not available,"208 Columbus AveNew York, NY 10023"
Pandora Computing,Not available,mailto:info@pandoracomputing.com,"1397 2nd Ave Suite 111New York, NY 10021"
Karma Tech Solutions,Not available,mailto:emo@idt.net,"125 W 70th StNew York, NY 10023"
Piffle LLC,Not available,Not available,"321 E 73rd StNew York, NY 10021"
Citia,http://citia.com,Not available,"12 W 72nd StNew York, NY 10023"
Jed Inc,https://www.jed.com,Not available,"1449 1st AveNew York, NY 10021"
office.com/setup,https://officecomsetupproductkey.com,mailto:shivamqurizon@gmail.com,"2109 BroadwayNew York, NY 10023"
Telesoft,Not available,Not available,"11 Riverside DrNew York, NY 10023"
Dynamax Technologies,http://dynamaxworld.com,mailto:marketing@dynamaxworld.com,"60 W 76th StNew York, NY 10023"
Surtsey Corp,Not available,Not available,"2130 BroadwayNew York, NY 10023"
Dalim Software,http://www.dalim.com/en/homepage,Not available,"301 E 79th StNew York, NY 10075"
Emover Software,http://www.emoversoftware.com,Not available,"66 E 80th StNew York, NY 10075"
Ruby Shore Software,Not available,Not available,"211 E 80th St Apt 9LNew York, NY 10075"
EZ Cam Solutions Inc,http://www.ez-cam.de,mailto:sevket@superonline.com,"235 E 83rd StNew York, NY 10028"
Triple Seat Software,https://tripleseat.com,Not available,"452 Amsterdam AveNew York, NY 10024"
JLDM Corp,Not available,Not available,"210 W 82nd StNew York, NY 10024"
Market Prophit LLC,http://www.marketprophit.com,mailto:igorgonta@marketprophit.com,"127 W 83rd Street PO Box 89New York, NY 10024"
SoundStreak LLC,Not available,mailto:info@soundstreak.com,"127 W 83rd StNew York, NY 10024"
Jethro Data,https://jethro.io,Not available,"225 W 83rd StNew York, NY 10024"
Zum,http://zumllc.com,Not available,"107 W 86th St # 4HNew York, NY 10024"
Outside The Lines Analytics,Not available,Not available,"389 E 89th StNew York, NY 10128"
Chanty Inc.,https://www.chanty.com,Not available,"1732 1st AvenueNew York, NY 10128"
Ahgo,https://www.ahgo.co,Not available,"72 W 88th StNew York, NY 10024"
PD Ware,http://pdware.com,Not available,"2373 BroadwayNew York, NY 10024"
Age Software Inc,http://agesoftware.com,Not available,"2373 BroadwayNew York, NY 10024"
Feather Network,https://feathernetwork.com,Not available,"1641 3rd AveNew York, NY 10128"
"Compucare Team, Inc.",http://www.compucareteamny.com,mailto:compucareteamny@gmail.com,"169 E 92nd StNew York, NY 10128"
Iverson Group Inc,http://iversonlang.com,Not available,"48 W 91st StNew York, NY 10024"
Surgimate,https://www.surgimate.com,Not available,"2440 BroadwayNew York, NY 10024"
Concur Technology,Not available,Not available,"177 E 93rd StNew York, NY 10128"
"Back2Front, Inc.",Not available,Not available,"345 E 93rd St Apt 17bNew York, NY 10128"
Brewran Corp,https://theclaremontgroup.com/contact,Not available,"1316 Madison AveNew York, NY 10128"
Bit & Byte Solutions,Not available,Not available,"225 E 95th StNew York, NY 10128"
"Auristor, Inc",https://www.auristor.com,Not available,"255 W 94th StNew York, NY 10025"
Oxagile,http://www.oxagile.com,Not available,"275 W 96th StNew York, NY 10025"
Ultra Testing,https://ultratesting.us,Not available,"2578 BroadwayNew York, NY 10025"
Emunahsoft Inc.,Not available,Not available,"792 Columbus AveNew York, NY 10025"
K Systems Solutions,http://kssnyc.co,mailto:wford@ksystemssolutions.com,"420 E 102nd StNew York, NY 10029"
Symbol Click Software,http://symbolclick.com,Not available,"215 W 101st StNew York, NY 10025"
K12 Connect Inc,http://k12connect.com,Not available,"50 W 105th StNew York, NY 10025"
Stellation Exhibitions Inc,http://stellationentertainment.com,Not available,"2710 BroadwayNew York, NY 10025"
Titan Technology Group,http://www.titantechgroup.com,Not available,"145 Manhattan AveNew York, NY 10025"
Ariel Analytics,https://www.arielanalytics.com,Not available,"200 W 108th StNew York, NY 10025"
Magic,https://www.magicmorning.co,Not available,"2850 BroadwayNew York, NY 10025"
Levels,http://www.levelsbarbershop.com,Not available,"1782 Madison AveNew York, NY 10035"
IsoFall.com,http://www.isofall.com,mailto:isofalldotcom@gmail.com,"603 W 115th Street, Suite 199New York, NY 10025"
KRR Corp,http://www.krrcorp.com,Not available,"211 E 123rd StNew York, NY 10035"
"Aboutedu, Inc",https://www.insidehighered.com/news/2011/04/13/trying-take-profits,Not available,"Po Box 7251New York, NY 10116"
Technocraft Inc,Not available,Not available,"2367 Frederick Douglass BlvdNew York, NY 10027"
Leading Niche,http://theleadingniche.com,Not available,"68 E 131st StNew York, NY 10037"
Inlet Software,Not available,Not available,"198 W 134th StNew York, NY 10030"
Stephen B Cowart Inc,Not available,Not available,"500 W 140th StNew York, NY 10031"
Active Plus Inc,https://www.activeplus-nyc.org,Not available,"295 Convent AveNew York, NY 10031"
IBK Software,http://www.ibk.nyc,Not available,"419 W 154th StNew York, NY 10032"
Locator Search,http://www.locatorsearch.com,Not available,"563 W 169th StNew York, NY 10032"
Roxarth manhattan LLC,http://www.roxarth.com,mailto:admin@roxarth.com,"715 W 170th St #34New York, NY 10032"
Tournet Systems,http://www.tournet.com,mailto:partner@tournet.com,"65 Park Ter W Apt 0-1BNew York, NY 10034"
Resonance,https://www.yourresonance.com,Not available,Not available
Polymer,https://www.polymerhq.io,Not available,Not available
Vow,https://www.vow.app,Not available,Not available
Whoosh,https://www.whoosh.io,Not available,Not available
PCWorkshops,http://www.pcworkshopslondon.co.uk,mailto:training@pcworkshopslondon.co.uk,Not available
Mobisoft Ltd.,http://mobisoft.co.il,mailto:info@mobisoft.co.il,Not available
Kaispe,https://www.kaispe.com/resources/contact-us,Not available,Not available
Digital Alpha,https://digital-alpha.com/about-us,Not available,Not available
Royal Solutions Group,http://www.royalsolutionsgroup.com,mailto:communications@royalsecure.com,Not available
Armatec Systems Inc,http://www.armatec-inc.com,mailto:hello@armatec-inc.com,Not available
PI Americas,http://www.piamericas.com,mailto:sales@piamericas.com,Not available
Data Armor,https://protectmydb.com,mailto:radik@protectmydb.com,Not available
Gmail Customer Service Phone Number,http://www.itcues.com/icloud-customer-service,Not available,Not available
"9th Street Codewerx, LLC",Not available,Not available,Not available
PageUp,Not available,Not available,Not available
supermelon inc.,http://www.supermelon.com,mailto:hi@supermelon.com,"81 Prospect PlNew York, NY 11217"
Corporate Innovation Technologies,Not available,mailto:Info@corporateitech.com,"10 East 40 StNew York, NY 10016"
Miracle Technologies Inc,https://www.miracletechs.com,mailto:info@miracletechs.com,"30 Wall StNew York, NY 10005"
Mindsmack,http://mindsmack.tv,mailto:sales@mindsmack.com,"311 W 43rd St Ste 15lNew York, NY 10036"
GreenTech Expert,Not available,mailto:m.merghichi@gtexpert.tech,"218 W 140th StNew York, NY 10030"
iYogi Computer Repair Service - New York,http://www.iyogi.com/local/computer-repair-services-in-new-york.html,mailto:onsitesupport@iyogi.com,Not available
Roblem Solvers,Not available,Not available,"1 Little West 12th StNew York, NY 10014"
SevenRooms,http://www.sevenrooms.com,mailto:support@sevenrooms.com,"127 W 24th St Fifth FloorNew York, NY 10011"
KL Software Technologies,Not available,mailto:contactus@klstinc.com,"31 W 34th St Lbby 7079New York, NY 10001"
Axton Group,http://www.axtongroup.com,mailto:info@axtongroup.com,"135 W 36th StNew York, NY 10018"
Cyber Security,http://www.aspiretss.com,mailto:info@aspiretss.com,"380 Lexington AveNew York, NY 10168"
NY Citi Technologies,Not available,Not available,"On-Site ServicesNew York, NY 10017"
NyITTech - Computer Repair NYC,Not available,Not available,"360 W 57th StNew York, NY 10019"
"SEO Company, SEO Services - Ray SEO",http://rayseocompany.com,mailto:sales@rayseocompany.com,"900 Riverside DrNew York, NY 10032"
Norton Antivirus Setup,Not available,mailto:Nortonsetupsupport@click-to-reedem-key.com,Not available
Cellufun,https://cellufun.com/about/tos.asp?v=BVMcZlgZO0&i=13,mailto:support@cellufun.com,"48 Wall St 29th FlNew York, NY 10005"
DAG Tech,https://estore.dagtech.com/pages/about-us,mailto:abilukhta@dagtech.com,"185 Madison Ave 8th FlNew York, NY 10016"
Global Data Publications Inc,https://www.globaldata.com,Not available,"441 Lexington AveNew York, NY 10017"
Link Sys,Not available,mailto:info@link-sys.us,"303 W 42nd St Ste 52New York, NY 10036"
Comp World Inc,Not available,Not available,"1626 1st AveNew York, NY 10028"
"iYogi, Inc.",http://www.iyogi.com/local/computer-repair-services-in-new-york.html,mailto:Customerservice@iyogisupports.com,"291 Broadway Rm 803New York, NY 10007"
Shareablee Inc,http://www.shareablee.com,Not available,"291 BroadwayNew York, NY 10007"
Sterling Data Storage,Not available,mailto:info@datastoragenewyork.com,"342 BroadwayNew York, NY 10013"
Bee Zee Systems,http://www.beezeesystems.com,mailto:joed@jandr.com,"15 Beekman StNew York, NY 10038"
Unite Us,https://uniteus.com/terms-of-service,Not available,"217 BroadwayNew York, NY 10007"
Technosip Inc,http://www.technosip.com,Not available,"222 BroadwayNew York, NY 10038"
Whentech,http://theice.com,Not available,"250 Greenwich StNew York, NY 10007"
Mark Rene Inc,Not available,Not available,"88 Nassau StNew York, NY 10038"
Five Points Compliance Inc,http://fivepoints.net,Not available,"139 Centre StNew York, NY 10013"
Pentacles Inc,http://www.movingpro.net,mailto:support@pentaclesinc.com,"180 Broadway Rm 603New York, NY 10038"
Booker Software,http://www.booker.com,mailto:melissa.neffati@booker.com,"22 Cortlandt StNew York, NY 10007"
CMIT Solutions of TriBeCa,http://www.cmitsolutions.com/location-directory/cmit-solutions-of-tribeca,mailto:david.grubb@cmitsolutions.com,"99 Hudson StNew York, NY 10013"
Tukuru Technologies,http://www.tukurutechnologies.com,Not available,"6 Maiden LnNew York, NY 10038"
Innovation Computer Consulting llc,http://www.innovation-cc.com,mailto:info@innovation-cc.com,"110 William St Rm 1802New York, NY 10038"
Computer Generated Solutions,http://www.cgsinc.com,mailto:robert.stevenson.l8ek@statefarm.com,"200 Vesey St Fl 27New York, NY 10281"
IPSoft,https://www.ipsoft.com,Not available,"7 World Trade CtrNew York, NY 10007"
Axis Data Recovery,Not available,mailto:admin@axisdatarecovery.com,"70 Mott St Apt 9New York, NY 10013"
DomainSkate LLC,http://www.domainskate.com,Not available,"150 Greenwich StNew York, NY 10007"
Yield Technology Marketing Control Center,Not available,mailto:sales@yieldtechnology.com,"171 Liberty StNew York, NY 10006"
"Lastmile Retail, Inc",https://www.lastmileretail.com,Not available,"428 BroadwayNew York, NY 10013"
"Fine Point Technologies, Inc.",http://directupgrade.com,mailto:jokeefe@finepoint.com,"90 John St Rm 311New York, NY 10038"
Pin Technology,Not available,Not available,"111 John StNew York, NY 10038"
Ariston Tek,http://aristontek.com,Not available,"111 John St Rm 1610New York, NY 10038"
Nerd On Demand,http://nerdondemand.com,mailto:yp@nerdondemand.com,"96 Cedar StNew York, NY 10006"
"Aaptiv, Inc.",https://www.qrypt.com,mailto:kogan@wofex.com,"1 World Trade CtrNew York, NY 10007"
Alliance Consulting Group,http://zircoocg.com,Not available,"1 World Trade CtrNew York, NY 10007"
4G Data Systems Inc,http://www.softpathsystems.com,Not available,"75 Maiden Ln Rm 900New York, NY 10038"
Icompunet Inc,http://www.r4-tech.com,mailto:sales@icompunet.com,"75 Maiden Ln Ste 335New York, NY 10038"
Mediaocean,https://www.mediaocean.com,Not available,"120 BroadwayNew York, NY 10271"
Rtfm Consulting,http://meritpersonnel.com,mailto:resume@meritpersonnel.com,"83 Maiden LnNew York, NY 10038"
Globecom,Not available,Not available,"120 Broadway-22nd FloorNew York, NY 10271"
Tonic Studios Inc,http://tonicstudios.com,Not available,"158 Lafayette St Fl 5New York, NY 10013"
AML360 Compliance Solutions,http://aml360compliance.com,Not available,"13 Pine StNew York, NY 10005"
"Squarespace, Inc.",http://squarespace.com,mailto:jhertzberg@squarespace.com,"459 Broadway Apt 5THNew York, NY 10013"
ShelterZoom,https://shelterzoom.com,mailto:shelterzoom@commpro.com,"14 Wall St 20th FlNew York, NY 10005"
DocuWalk,https://www.docuwalk.com,mailto:shelterzoom@commpro.com,"14 Wall St 20th FlNew York, NY 10005"
Securities Institute of America,http://www.securitiesce.com,mailto:web@securitiesce.com,"14 Wall StNew York, NY 10005"
I & L Consulting,http://www.steelbridgeconsulting.com,Not available,"14 Wall StNew York, NY 10005"
Thoughtworks Inc,Not available,Not available,"14 Wall StNew York, NY 10005"
Kaleidoscope Consulting,http://kaleidoscopepr.net,Not available,"125 Maiden LnNew York, NY 10038"
Netmatrix Inc,Not available,mailto:rmsmythe@tiac.net,"2 Rector StNew York, NY 10006"
Accountnet Inc,http://www.accountnet.com,mailto:jpeace@accountnet.com,"65 Broadway Ste 1807New York, NY 10006"
Interface Offer Sharaby,Not available,Not available,"200 Hudson StNew York, NY 10013"
African Heritage Network Limited,Not available,mailto:segalls@optonline.net,"50 Broadway Ste 1003New York, NY 10004"
DigitalOcean,http://www.digitalocean.com,mailto:mitch@digitalocean.com,"101 Avenue Of The Americas, 10th FloorNew York, NY 10013"
$199 Websites,Not available,Not available,"134 BoweryNew York, NY 10013"
Pinnadyne,http://www.pinnadyne.com,mailto:TheSolution@Pinnadyne.com,"30 Broad StNew York, NY 10004"
Vbo Inc,http://www.unlocal.org,Not available,"30 Broad StNew York, NY 10004"
Strategic Response Systems,http://www.strategicresponsesystems.com,mailto:MeetSRS@strategicresponsesystems.com,"42 Broadway Ste 12-201New York, NY 10004"
Jazmine.com,Not available,mailto:jalexander@jazmine.com,"510 Broadway Apt 4New York, NY 10012"
Chelsea Technologies,http://www.chelsea-tech.com/contact,Not available,"26 BroadwayNew York, NY 10004"
A R Traffic Consultants Inc,http://artraffic.com/contact.html,Not available,"5 Hanover SqNew York, NY 10004"
